"id","pm2_5","pm10_0","temp1","ts","measurement_process","pos","pos_accuracy","pos_altitude","pos_altitude_accuracy","pos_heading","pos_speed","inn_temp","inn_pres","inn_hum","temp2","temp3","co2","synced"
10965,4.55,6.699999999999999,19.125,2025-09-30 12:02:44.721,b827eb0fae5c_20250930_01,POINT (8.904966 52.297323),,60.0,,,0.14,25.935000000000002,1018.375,33.5,,,,true
10966,4.2,7.1,18.56,2025-09-30 12:03:20.695,b827eb0fae5c_20250930_01,POINT (8.905267 52.297216),,58.3,,,2.67,25.47,1018.41,34.95,,,,true
10967,5.0,7.0,18.5,2025-09-30 12:03:45.675,b827eb0fae5c_20250930_01,POINT (8.905848 52.29697),,59.3,,119.66,5.24,26.05,1018.29,34.84,,,,true
10968,4.9,5.6,18.25,2025-09-30 12:04:10.696,b827eb0fae5c_20250930_01,POINT (8.906384 52.296798),,53.6,,,2.69,26.28,1018.33,34.33,,,,true
10969,5.7,6.5,18.31,2025-09-30 12:04:40.534,b827eb0fae5c_20250930_01,POINT (8.906984 52.296613),,46.3,,117.48,5.12,26.64,1018.4,33.605000000000004,,,,true
10970,6.050000000000001,8.3,17.625,2025-09-30 12:05:15.070,b827eb0fae5c_20250930_01,POINT (8.908043 52.296258),,46.25,,,4.685,26.38,1018.4,32.68,,,,true
10971,5.2,6.0,17.19,2025-09-30 12:05:50.696,b827eb0fae5c_20250930_01,POINT (8.908619 52.29601),,47.9,,127.86,6.42,26.8,1018.4,33.77,,,,true
10972,6.5,7.2,17.5,2025-09-30 12:06:15.669,b827eb0fae5c_20250930_01,POINT (8.909143 52.295756),,50.0,,137.51,5.03,27.27,1018.3,32.88,,,,true
10973,9.1,10.3,17.94,2025-09-30 12:06:40.687,b827eb0fae5c_20250930_01,POINT (8.909152 52.295467),,48.1,,234.59,4.83,27.67,1018.35,33.37,,,,true
10974,4.9,7.3,18.31,2025-09-30 12:07:10.534,b827eb0fae5c_20250930_01,POINT (8.908714 52.295221),,38.6,,231.69,5.44,28.115000000000002,1018.405,32.94,,,,true
10975,4.7,6.15,19.095,2025-09-30 12:07:45.083,b827eb0fae5c_20250930_01,POINT (8.907865 52.294702),,33.05,,226.54,4.8100000000000005,28.58,1018.52,32.14,,,,true
10976,4.6,6.5,19.38,2025-09-30 12:08:20.694,b827eb0fae5c_20250930_01,POINT (8.9074 52.294637),,22.7,,309.2,7.2,28.91,1018.57,32.25,,,,true
10977,4.6,6.7,18.88,2025-09-30 12:08:45.689,b827eb0fae5c_20250930_01,POINT (8.906889 52.294849),,30.4,,303.39,6.29,28.88,1018.58,30.6,,,,true
10978,4.6,5.9,18.56,2025-09-30 12:09:10.696,b827eb0fae5c_20250930_01,POINT (8.906472 52.295024),,30.7,,311.86,6.09,28.9,1018.52,30.39,,,,true
10979,4.3,4.8,18.44,2025-09-30 12:09:40.610,b827eb0fae5c_20250930_01,POINT (8.905921 52.295207),,33.5,,305.78,6.2,28.82,1018.605,30.23,,,,true
10980,4.65,5.95,18.185000000000002,2025-09-30 12:10:15.546,b827eb0fae5c_20250930_01,POINT (8.904828 52.295557),,45.900000000000006,,293.395,6.109999999999999,28.92,1018.61,30.0,,,,true
10981,5.0,8.2,18.38,2025-09-30 12:10:50.706,b827eb0fae5c_20250930_01,POINT (8.904245 52.295663),,48.7,,286.38,5.59,29.03,1018.65,29.5,,,,true
10982,4.5,6.1,18.94,2025-09-30 12:11:15.682,b827eb0fae5c_20250930_01,POINT (8.903663 52.29575),,49.1,,287.36,6.27,29.23,1018.66,30.24,,,,true
10983,4.7,6.4,19.19,2025-09-30 12:11:40.707,b827eb0fae5c_20250930_01,POINT (8.903092 52.295853),,59.4,,343.86,5.65,29.37,1018.64,29.51,,,,true
10984,4.6,5.5,18.62,2025-09-30 12:12:10.625,b827eb0fae5c_20250930_01,POINT (8.903205 52.296188),,60.6,,17.77,4.51,29.229999999999997,1018.615,28.435000000000002,,,,true
10985,4.45,5.15,18.13,2025-09-30 12:12:45.229,b827eb0fae5c_20250930_01,POINT (8.903499 52.296906),,58.75,,16.265,5.78,28.76,1018.6,29.06,,,,true
10986,5.0,6.2,17.62,2025-09-30 12:13:20.690,b827eb0fae5c_20250930_01,POINT (8.903803 52.297159),,52.1,,,3.41,28.42,1018.55,28.87,,,,true
10987,7.2,8.1,14.81,2025-10-01 17:17:05.909,b827eb0fae5c_20251001_01,POINT (8.906538 52.296643),,18.4,,,4.96,23.71,1024.25,29.05,,,,true
10988,6.8,8.25,14.655,2025-10-01 17:17:43.109,b827eb0fae5c_20251001_01,POINT (8.908109 52.296161),,37.45,,,5.01,23.515,1024.295,28.9,,,,true
10989,6.8,8.2,14.56,2025-10-01 17:18:20.318,b827eb0fae5c_20251001_01,POINT (8.908492 52.29596),,38.3,,,0.86,23.33,1024.34,28.84,,,,true
10990,7.5,9.3,14.5,2025-10-01 17:18:45.312,b827eb0fae5c_20251001_01,POINT (8.908982 52.295685),,39.6,,,4.73,23.38,1024.3,29.05,,,,true
10991,8.5,9.4,14.56,2025-10-01 17:19:10.328,b827eb0fae5c_20251001_01,POINT (8.909028 52.295444),,53.1,,,6.36,23.39,1024.33,29.42,,,,true
10992,6.6,7.8,14.56,2025-10-01 17:19:36.811,b827eb0fae5c_20251001_01,POINT (8.908399 52.29506),,38.3,,,3.92,23.39,1024.38,29.21,,,,true
10993,7.35,8.149999999999999,14.44,2025-10-01 17:20:12.818,b827eb0fae5c_20251001_01,POINT (8.907699 52.294605),,40.25,,,6.18,23.384999999999998,1024.46,29.455,,,,true
10994,11.0,12.1,14.38,2025-10-01 17:20:50.307,b827eb0fae5c_20251001_01,POINT (8.907209 52.294708),,38.8,,,8.51,23.46,1024.42,29.47,,,,true
10995,6.5,7.3,14.44,2025-10-01 17:21:15.337,b827eb0fae5c_20251001_01,POINT (8.906605 52.294946),,42.2,,,4.74,23.53,1024.45,29.22,,,,true
10996,7.0,8.8,14.5,2025-10-01 17:21:40.342,b827eb0fae5c_20251001_01,POINT (8.906032 52.295244),,59.5,,,6.74,23.54,1024.46,29.24,,,,true
10997,7.2,9.7,14.56,2025-10-01 17:22:05.341,b827eb0fae5c_20251001_01,POINT (8.905469 52.295482),,58.9,,332.0,7.89,23.63,1024.51,29.34,,,,true
10998,8.2,9.65,15.06,2025-10-01 17:22:42.840,b827eb0fae5c_20251001_01,POINT (8.904233 52.295823),,61.25,,323.21500000000003,6.53,24.244999999999997,1024.5349999999999,28.82,,,,true
10999,7.2,8.5,15.94,2025-10-01 17:23:20.337,b827eb0fae5c_20251001_01,POINT (8.903555 52.295904),,59.4,,311.57,6.25,25.67,1024.64,28.16,,,,true
11000,6.4,7.4,15.75,2025-10-01 17:23:45.330,b827eb0fae5c_20251001_01,POINT (8.90328 52.29602),,42.7,,,1.53,26.0,1024.6,26.89,,,,true
11001,6.0,7.3,15.25,2025-10-01 17:24:10.341,b827eb0fae5c_20251001_01,POINT (8.903359 52.296338),,43.6,,,3.9,25.9,1024.59,26.32,,,,true
11002,6.8,8.0,15.31,2025-10-01 17:24:35.341,b827eb0fae5c_20251001_01,POINT (8.903466 52.296716),,46.8,,14.89,5.59,25.86,1024.57,26.4,,,,true
11003,6.9,8.2,15.215,2025-10-01 17:25:12.818,b827eb0fae5c_20251001_01,POINT (8.904134 52.297429),,48.5,,37.75,5.720000000000001,25.515,1024.5549999999998,26.700000000000003,,,,true
11004,6.7,7.7,14.81,2025-10-01 17:25:50.406,b827eb0fae5c_20251001_01,POINT (8.904659 52.297327),,46.9,,116.9,8.36,24.52,1024.42,27.98,,,,true
11005,6.7,8.1,14.69,2025-10-01 17:26:15.330,b827eb0fae5c_20251001_01,POINT (8.904673 52.297056),,52.4,,212.71,5.98,24.56,1024.39,27.59,,,,true
11006,7.0,8.9,14.69,2025-10-01 17:26:40.329,b827eb0fae5c_20251001_01,POINT (8.90483 52.296822),,53.3,,,4.19,24.34,1024.31,27.99,,,,true
11007,6.0,7.8,15.38,2025-10-01 17:27:07.803,b827eb0fae5c_20251001_01,,,,,,,24.45,1024.03,28.2,,,,true
11008,2.0,3.2,17.75,2025-10-01 17:27:42.494,b827eb0fae5c_20251001_01,,,,,,,24.625,1023.06,30.6,,,,true
11009,1.9,2.7,19.31,2025-10-01 17:28:16.554,b827eb0fae5c_20251001_01,,,,,,,24.91,1022.77,31.75,,,,true
11010,3.6,5.4,19.62,2025-10-01 17:28:44.301,b827eb0fae5c_20251001_01,,,,,,,25.12,1022.78,31.03,,,,true
11011,3.9,5.9,19.88,2025-10-01 17:29:12.811,b827eb0fae5c_20251001_01,,,,,,,25.32,1022.79,30.69,,,,true
11012,4.0,7.8,20.25,2025-10-01 17:29:38.179,b827eb0fae5c_20251001_01,,,,,,,25.04,1022.77,36.5,,,,true
11013,3.7,7.65,20.625,2025-10-01 17:30:13.048,b827eb0fae5c_20251001_01,,,,,,,25.205,1022.775,31.25,,,,true
11014,3.7,8.7,20.94,2025-10-01 17:30:46.566,b827eb0fae5c_20251001_01,,,,,,,25.43,1022.78,30.84,,,,true
11015,3.4,4.1,21.19,2025-10-01 17:31:14.499,b827eb0fae5c_20251001_01,,,,,,,25.5,1022.81,30.47,,,,true
11016,3.4,4.3,21.38,2025-10-01 17:31:42.822,b827eb0fae5c_20251001_01,,,,,,,25.6,1022.75,30.8,,,,true
11017,4.1,5.8,21.56,2025-10-01 17:32:07.821,b827eb0fae5c_20251001_01,,,,,,,25.63,1022.75,30.13,,,,true
11018,3.7,7.2,21.69,2025-10-01 17:32:33.392,b827eb0fae5c_20251001_01,,,,,,,25.67,1022.76,30.31,,,,true
11019,6.9,8.8,,2025-10-01 18:29:59.960,b827eb0fae5c_20251001_02,,,,,,,,,,,,,true
11020,6.1,7.5,14.719999999999999,2025-10-01 18:30:14.844,b827eb0fae5c_20251001_02,,,,,,,22.2,1024.19,32.41,,,,true
11021,6.2,7.1,14.19,2025-10-01 18:30:46.651,b827eb0fae5c_20251001_02,,,,,,,21.55,1024.15,32.78,,,,true
11022,7.2,8.6,14.06,2025-10-01 18:31:14.382,b827eb0fae5c_20251001_02,,,,,,,21.18,1024.14,33.84,,,,true
11023,7.0,9.0,13.88,2025-10-01 18:31:42.911,b827eb0fae5c_20251001_02,,,,,,,20.57,1024.32,35.05,,,,true
11024,6.35,7.05,13.69,2025-10-01 18:32:12.198,b827eb0fae5c_20251001_02,,,,,,,20.17,1024.14,35.65,,,,true
11025,6.1,7.6,13.5,2025-10-01 18:32:44.769,b827eb0fae5c_20251001_02,,,,,,,20.055,1024.215,35.855000000000004,,,,true
11026,7.0,9.1,12.94,2025-10-01 18:33:16.653,b827eb0fae5c_20251001_02,,,,,,,19.55,1025.1,37.56,,,,true
11027,6.9,7.7,13.19,2025-10-01 18:33:44.348,b827eb0fae5c_20251001_02,,,,,,,19.27,1025.18,37.52,,,,true
11028,6.4,7.1,13.25,2025-10-01 18:34:12.904,b827eb0fae5c_20251001_02,,,,,,,19.04,1025.04,37.69,,,,true
11029,6.15,7.0,13.25,2025-10-01 18:34:40.232,b827eb0fae5c_20251001_02,POINT (8.926188 52.298515),,64.6,,108.45,20.13,18.9,1025.02,39.32,,,,true
11030,6.5,7.8,13.219999999999999,2025-10-01 18:35:14.795,b827eb0fae5c_20251001_02,POINT (8.929479 52.297854),,54.650000000000006,,106.355,17.61,18.83,1024.9450000000002,38.68,,,,true
11031,6.1,6.8,13.31,2025-10-01 18:35:50.374,b827eb0fae5c_20251001_02,POINT (8.931199 52.297621),,53.7,,98.09,17.76,18.71,1024.91,38.62,,,,true
11032,6.8,7.5,13.31,2025-10-01 18:36:15.421,b827eb0fae5c_20251001_02,POINT (8.933077 52.297522),,52.2,,91.25,20.64,18.6,1024.95,38.92,,,,true
11033,7.4,8.2,13.38,2025-10-01 18:36:40.389,b827eb0fae5c_20251001_02,POINT (8.935324 52.29757),,49.1,,86.28,24.41,18.49,1025.36,39.83,,,,true
11034,7.25,8.4,13.44,2025-10-01 18:37:10.229,b827eb0fae5c_20251001_02,POINT (8.936084 52.296797),,47.3,,199.5,18.74,18.47,1025.54,39.31,,,,true
11035,6.2,8.2,13.22,2025-10-01 18:37:44.802,b827eb0fae5c_20251001_02,POINT (8.937321 52.295982),,46.7,,112.38,16.895,18.49,1025.565,40.11,,,,true
11036,7.3,9.3,12.94,2025-10-01 18:38:20.383,b827eb0fae5c_20251001_02,POINT (8.937876 52.295077),,49.5,,166.26,12.45,18.39,1025.59,40.43,,,,true
11037,7.5,9.7,13.06,2025-10-01 18:38:45.407,b827eb0fae5c_20251001_02,POINT (8.93717 52.294359),,41.8,,235.15,9.48,18.51,1025.01,39.42,,,,true
11038,7.4,9.9,13.19,2025-10-01 18:39:10.383,b827eb0fae5c_20251001_02,POINT (8.937837 52.293762),,49.1,,140.23,10.87,18.53,1025.01,39.92,,,,true
11039,7.199999999999999,8.0,12.38,2025-10-01 18:39:40.240,b827eb0fae5c_20251001_02,POINT (8.937216 52.292292),,35.6,,185.97,25.29,18.26,1025.73,41.99,,,,true
11040,6.2,7.3,12.875,2025-10-01 18:40:14.800,b827eb0fae5c_20251001_02,POINT (8.936731 52.290314),,17.9,,155.13,16.950000000000003,18.21,1025.5949999999998,41.0,,,,true
11041,7.3,14.1,13.38,2025-10-01 18:40:50.395,b827eb0fae5c_20251001_02,POINT (8.937131 52.289754),,35.9,,171.03,8.57,18.34,1025.65,41.01,,,,true
11042,6.7,8.7,13.31,2025-10-01 18:41:15.386,b827eb0fae5c_20251001_02,POINT (8.938479 52.289444),,42.6,,109.63,15.57,18.19,1025.68,40.92,,,,true
11043,6.7,7.6,13.38,2025-10-01 18:41:40.374,b827eb0fae5c_20251001_02,POINT (8.939749 52.2894),,41.9,,112.53,4.28,18.32,1025.67,40.7,,,,true
11044,6.550000000000001,9.05,13.38,2025-10-01 18:42:10.218,b827eb0fae5c_20251001_02,POINT (8.939706 52.289442),,40.0,,,0.38,18.57,1025.69,39.78,,,,true
11045,7.6,9.6,13.469999999999999,2025-10-01 18:42:44.792,b827eb0fae5c_20251001_02,POINT (8.942139 52.289119),,39.75,,101.905,17.515,18.72,1025.595,39.805,,,,true
11046,7.8,9.3,13.31,2025-10-01 18:43:20.390,b827eb0fae5c_20251001_02,POINT (8.943895 52.289108),,41.3,,89.83,15.65,18.77,1025.48,39.67,,,,true
11047,7.6,9.7,13.12,2025-10-01 18:43:45.533,b827eb0fae5c_20251001_02,POINT (8.945561 52.288916),,41.0,,100.85,16.3,18.8,1025.35,39.5,,,,true
11048,7.8,9.7,13.19,2025-10-01 18:44:10.381,b827eb0fae5c_20251001_02,POINT (8.947314 52.288747),,41.5,,101.24,18.66,18.83,1025.46,39.62,,,,true
11049,7.9,8.899999999999999,13.12,2025-10-01 18:44:40.221,b827eb0fae5c_20251001_02,POINT (8.949145 52.28853),,40.4,,96.69,18.76,18.84,1025.49,39.95,,,,true
11050,7.7,8.6,12.935,2025-10-01 18:45:14.799,b827eb0fae5c_20251001_02,POINT (8.952629 52.288124),,40.599999999999994,,101.56,15.635,18.835,1025.415,40.325,,,,true
11051,6.8,7.9,12.69,2025-10-01 18:45:50.400,b827eb0fae5c_20251001_02,POINT (8.954166 52.287845),,43.0,,100.24,16.68,18.76,1025.29,40.76,,,,true
11052,6.3,7.0,12.38,2025-10-01 18:46:15.404,b827eb0fae5c_20251001_02,POINT (8.955941 52.287841),,41.2,,92.95,18.21,18.73,1025.29,41.15,,,,true
11053,6.8,8.0,12.38,2025-10-01 18:46:40.397,b827eb0fae5c_20251001_02,POINT (8.957768 52.287875),,41.0,,99.02,18.33,18.68,1025.33,41.37,,,,true
11054,7.55,9.6,12.25,2025-10-01 18:47:10.206,b827eb0fae5c_20251001_02,POINT (8.959715 52.287695),,40.7,,92.57,22.32,18.61,1025.37,41.5,,,,true
11055,6.9,9.7,12.559999999999999,2025-10-01 18:47:44.802,b827eb0fae5c_20251001_02,POINT (8.963166 52.287948),,36.9,,85.66499999999999,18.975,18.34,1025.505,41.555,,,,true
11056,6.8,9.9,12.75,2025-10-01 18:48:20.391,b827eb0fae5c_20251001_02,POINT (8.964787 52.287972),,35.5,,93.16,15.31,18.3,1025.61,42.29,,,,true
11057,5.9,8.6,12.75,2025-10-01 18:48:45.386,b827eb0fae5c_20251001_02,POINT (8.966454 52.287839),,39.1,,94.6,17.01,18.13,1025.47,42.5,,,,true
11058,6.6,9.0,12.81,2025-10-01 18:49:10.391,b827eb0fae5c_20251001_02,POINT (8.968229 52.287784),,42.5,,92.29,18.14,18.05,1025.4,42.57,,,,true
11059,8.1,11.05,12.81,2025-10-01 18:49:40.235,b827eb0fae5c_20251001_02,POINT (8.970051 52.287871),,40.6,,84.56,20.66,17.99,1025.39,42.68,,,,true
11060,8.2,9.7,12.565000000000001,2025-10-01 18:50:14.815,b827eb0fae5c_20251001_02,POINT (8.973974 52.288078),,39.2,,86.685,19.03,18.064999999999998,1025.4250000000002,42.715,,,,true
11061,8.1,9.3,12.0,2025-10-01 18:50:50.391,b827eb0fae5c_20251001_02,POINT (8.975914 52.288143),,38.0,,88.39,19.26,18.03,1025.36,43.5,,,,true
11062,7.8,10.3,12.0,2025-10-01 18:51:15.403,b827eb0fae5c_20251001_02,POINT (8.9773 52.288223),,40.3,,87.36,12.31,17.93,1024.88,43.33,,,,true
11063,8.1,10.8,11.88,2025-10-01 18:51:40.378,b827eb0fae5c_20251001_02,POINT (8.978152 52.288055),,36.7,,152.07,9.71,17.84,1024.71,43.38,,,,true
11064,8.4,9.4,11.69,2025-10-01 18:52:10.236,b827eb0fae5c_20251001_02,POINT (8.979429 52.286778),,29.6,,149.02,26.03,17.72,1025.5,43.52,,,,true
11065,8.2,10.2,11.530000000000001,2025-10-01 18:52:44.820,b827eb0fae5c_20251001_02,POINT (8.981692 52.284912),,26.4,,139.32999999999998,17.65,17.52,1025.41,43.67,,,,true
11066,8.5,10.2,11.81,2025-10-01 18:53:20.374,b827eb0fae5c_20251001_02,POINT (8.982953 52.284033),,33.1,,140.45,20.25,17.29,1025.56,43.53,,,,true
11067,8.4,9.7,12.25,2025-10-01 18:53:45.394,b827eb0fae5c_20251001_02,POINT (8.984528 52.283478),,36.0,,116.46,16.69,17.44,1025.44,43.2,,,,true
11068,7.7,9.5,12.31,2025-10-01 18:54:10.399,b827eb0fae5c_20251001_02,POINT (8.985919 52.283059),,33.0,,115.88,15.54,17.59,1025.39,42.59,,,,true
11069,7.35,8.5,12.38,2025-10-01 18:54:40.209,b827eb0fae5c_20251001_02,POINT (8.987398 52.28261),,35.0,,116.29,15.83,17.7,1025.35,41.95,,,,true
11070,7.6,8.6,12.44,2025-10-01 18:55:14.853,b827eb0fae5c_20251001_02,POINT (8.990569 52.28177),,38.55,,111.95500000000001,16.905,17.725,1025.2849999999999,42.254999999999995,,,,true
11071,7.8,9.5,12.38,2025-10-01 18:55:50.414,b827eb0fae5c_20251001_02,POINT (8.99226 52.281378),,45.6,,105.48,17.68,17.75,1025.12,42.0,,,,true
11072,7.4,8.8,12.31,2025-10-01 18:56:15.402,b827eb0fae5c_20251001_02,POINT (8.993919 52.281092),,45.6,,102.02,15.22,17.77,1024.93,42.18,,,,true
11073,7.4,8.4,12.25,2025-10-01 18:56:40.390,b827eb0fae5c_20251001_02,POINT (8.99545 52.280707),,43.3,,131.15,11.73,17.76,1024.72,42.16,,,,true
11074,7.75,8.850000000000001,12.5,2025-10-01 18:57:10.241,b827eb0fae5c_20251001_02,POINT (8.996896 52.279802),,39.5,,123.03,21.84,17.73,1024.98,42.11,,,,true
11075,7.1,9.6,12.25,2025-10-01 18:57:44.799,b827eb0fae5c_20251001_02,POINT (9.000426 52.278624),,37.45,,141.20499999999998,16.939999999999998,17.705,1025.145,42.44,,,,true
11076,7.3,9.3,11.94,2025-10-01 18:58:20.378,b827eb0fae5c_20251001_02,POINT (9.00085 52.277516),,33.4,,158.87,19.14,17.72,1025.31,43.17,,,,true
11077,7.0,7.8,12.0,2025-10-01 18:58:45.392,b827eb0fae5c_20251001_02,POINT (9.001317 52.27632),,34.3,,177.14,19.94,17.71,1025.32,42.76,,,,true
11078,7.4,10.3,12.06,2025-10-01 18:59:10.396,b827eb0fae5c_20251001_02,POINT (9.001485 52.27511),,37.5,,158.34,19.7,17.7,1025.28,42.58,,,,true
11079,7.3,9.45,11.69,2025-10-01 18:59:40.223,b827eb0fae5c_20251001_02,POINT (9.002244 52.273992),,33.8,,157.61,17.65,17.69,1025.28,44.5,,,,true
11080,10.6,15.1,11.469999999999999,2025-10-01 19:00:14.840,b827eb0fae5c_20251001_02,POINT (9.003106 52.271702),,28.5,,155.62,16.395,17.270000000000003,1025.165,44.269999999999996,,,,true
11081,10.4,14.7,11.5,2025-10-01 19:00:50.424,b827eb0fae5c_20251001_02,POINT (9.004758 52.271538),,31.2,,93.95,17.57,16.9,1025.08,44.91,,,,true
11082,9.8,13.2,11.88,2025-10-01 19:01:15.404,b827eb0fae5c_20251001_02,POINT (9.006581 52.271358),,35.9,,109.06,18.25,16.78,1025.13,44.59,,,,true
11083,9.1,11.7,11.94,2025-10-01 19:01:40.391,b827eb0fae5c_20251001_02,POINT (9.008269 52.270893),,42.0,,113.6,17.0,16.68,1025.05,44.77,,,,true
11084,8.85,11.05,11.81,2025-10-01 19:02:10.223,b827eb0fae5c_20251001_02,POINT (9.009775 52.270457),,43.7,,115.11,17.28,16.79,1025.0,45.35,,,,true
11085,8.9,10.8,11.815000000000001,2025-10-01 19:02:44.818,b827eb0fae5c_20251001_02,POINT (9.012689 52.269606),,42.45,,116.7,16.075,16.6,1024.8850000000002,45.215,,,,true
11086,8.8,12.2,12.06,2025-10-01 19:03:20.433,b827eb0fae5c_20251001_02,POINT (9.014278 52.269134),,42.9,,116.05,14.68,16.54,1024.76,44.61,,,,true
11087,8.7,10.7,11.81,2025-10-01 19:03:45.399,b827eb0fae5c_20251001_02,POINT (9.015681 52.268726),,40.1,,115.28,15.3,16.5,1024.69,45.14,,,,true
11088,8.5,11.0,12.0,2025-10-01 19:04:10.395,b827eb0fae5c_20251001_02,POINT (9.01725 52.268257),,43.4,,115.52,15.84,16.53,1024.64,44.94,,,,true
11089,8.5,10.25,12.12,2025-10-01 19:04:40.226,b827eb0fae5c_20251001_02,POINT (9.018831 52.267798),,45.6,,115.31,17.48,16.53,1024.63,44.72,,,,true
11090,8.2,10.0,12.219999999999999,2025-10-01 19:05:14.811,b827eb0fae5c_20251001_02,POINT (9.021609 52.266996),,37.95,,115.455,16.285,16.525,1024.5,44.865,,,,true
11091,8.1,9.4,12.25,2025-10-01 19:05:50.399,b827eb0fae5c_20251001_02,POINT (9.023156 52.266534),,38.1,,115.32,15.47,16.55,1024.42,44.99,,,,true
11092,8.4,11.1,12.19,2025-10-01 19:06:15.404,b827eb0fae5c_20251001_02,POINT (9.024859 52.266033),,40.2,,115.75,17.76,16.55,1024.32,45.38,,,,true
11093,8.2,11.5,12.12,2025-10-01 19:06:40.384,b827eb0fae5c_20251001_02,POINT (9.026627 52.265442),,42.4,,130.32,17.51,16.57,1024.24,45.42,,,,true
11094,8.4,11.6,12.19,2025-10-01 19:07:05.410,b827eb0fae5c_20251001_02,POINT (9.027792 52.265124),,38.5,,115.35,12.78,16.74,1024.11,45.31,,,,true
11095,25.1,41.9,8.0,2025-10-01 19:11:17.765,b827eb0fae5c_20251001_03,,,,,,,14.61,1023.38,50.07,,,,true
11096,25.4,41.3,8.06,2025-10-01 19:11:42.442,b827eb0fae5c_20251001_03,,,,,,,14.69,1023.39,49.85,,,,true
11097,26.1,42.1,8.12,2025-10-01 19:12:07.477,b827eb0fae5c_20251001_03,,,,,,,14.78,1023.4,49.5,,,,true
11098,26.8,43.7,8.19,2025-10-01 19:12:30.830,b827eb0fae5c_20251001_03,,,,,,,14.9,1023.4,49.06,,,,true
11099,26.2,44.1,8.25,2025-10-02 06:41:24.280,b827eb0fae5c_20251002_01,POINT (9.027253 52.265419),,66.5,,,3.13,14.99,1023.37,48.56,,,,true
11100,25.9,43.1,8.31,2025-10-02 06:41:50.716,b827eb0fae5c_20251002_01,POINT (9.027246 52.265426),,64.3,,,4.45,15.1,1023.37,48.41,,,,true
11101,27.6,45.2,8.19,2025-10-02 06:42:15.722,b827eb0fae5c_20251002_01,POINT (9.026715 52.265494),,57.2,,274.65,10.5,15.21,1023.41,47.85,,,,true
11102,29.4,43.2,7.88,2025-10-02 06:42:40.725,b827eb0fae5c_20251002_01,POINT (9.024639 52.266067),,56.9,,294.5,19.64,15.11,1023.52,47.85,,,,true
11103,28.7,42.8,7.75,2025-10-02 06:43:05.717,b827eb0fae5c_20251002_01,POINT (9.022703 52.266623),,54.9,,293.83,21.88,15.05,1023.59,48.27,,,,true
11104,29.65,47.45,7.5,2025-10-02 06:43:43.211,b827eb0fae5c_20251002_01,POINT (9.018673 52.26783),,50.599999999999994,,295.7,23.240000000000002,15.14,1023.7049999999999,48.195,,,,true
11105,27.6,44.4,7.38,2025-10-02 06:44:20.703,b827eb0fae5c_20251002_01,POINT (9.016641 52.268417),,50.0,,296.6,21.43,15.17,1023.79,48.21,,,,true
11106,27.9,44.1,7.19,2025-10-02 06:44:45.715,b827eb0fae5c_20251002_01,POINT (9.014616 52.269004),,47.3,,292.59,23.33,15.16,1023.93,47.54,,,,true
11107,29.4,41.5,7.19,2025-10-02 06:45:10.707,b827eb0fae5c_20251002_01,POINT (9.012635 52.26959),,47.1,,295.76,21.17,15.15,1023.96,47.88,,,,true
11108,29.1,43.8,7.12,2025-10-02 06:45:35.725,b827eb0fae5c_20251002_01,POINT (9.010631 52.270178),,47.3,,295.68,22.39,15.18,1024.13,47.79,,,,true
11109,32.7,48.4,7.0,2025-10-02 06:46:13.331,b827eb0fae5c_20251002_01,POINT (9.007064 52.271312),,46.35,,296.4,17.915,15.14,1024.28,48.215,,,,true
11110,30.4,46.7,7.12,2025-10-02 06:46:50.754,b827eb0fae5c_20251002_01,POINT (9.005169 52.27153),,48.1,,273.35,22.59,15.3,1024.26,47.93,,,,true
11111,31.6,46.9,7.06,2025-10-02 06:47:15.761,b827eb0fae5c_20251002_01,POINT (9.003185 52.271651),,50.0,,283.15,18.1,15.35,1024.37,47.64,,,,true
11112,33.6,48.6,7.0,2025-10-02 06:47:40.696,b827eb0fae5c_20251002_01,POINT (9.002583 52.272787),,80.5,,341.73,18.29,15.34,1024.61,47.79,,,,true
11113,35.9,59.9,6.5,2025-10-02 06:48:05.713,b827eb0fae5c_20251002_01,POINT (9.002165 52.273986),,70.7,,338.88,18.26,15.35,1024.55,47.41,,,,true
11114,35.85,55.65,6.5,2025-10-02 06:48:43.215,b827eb0fae5c_20251002_01,POINT (9.001316 52.276267),,61.4,,346.0,18.009999999999998,15.36,1024.58,47.455,,,,true
11115,34.6,53.8,6.62,2025-10-02 06:49:20.703,b827eb0fae5c_20251002_01,POINT (9.000884 52.277442),,59.0,,342.71,19.84,15.41,1024.58,47.41,,,,true
11116,35.6,54.0,6.5,2025-10-02 06:49:45.736,b827eb0fae5c_20251002_01,POINT (9.000487 52.278584),,54.4,,359.95,15.29,15.42,1024.46,47.04,,,,true
11117,33.7,56.3,6.19,2025-10-02 06:50:10.695,b827eb0fae5c_20251002_01,POINT (8.999212 52.279297),,50.3,,311.67,15.67,15.29,1024.44,47.01,,,,true
11118,32.6,55.4,6.31,2025-10-02 06:50:35.753,b827eb0fae5c_20251002_01,POINT (8.997744 52.279617),,50.1,,279.08,16.41,15.19,1024.33,47.36,,,,true
11119,32.35,54.05,6.595000000000001,2025-10-02 06:51:13.208,b827eb0fae5c_20251002_01,POINT (8.995173 52.280856),,46.9,,306.915,15.645000000000001,15.1,1024.1,47.785,,,,true
11120,31.8,51.5,6.69,2025-10-02 06:51:50.705,b827eb0fae5c_20251002_01,POINT (8.993109 52.281211),,45.3,,285.11,23.8,15.04,1024.35,48.1,,,,true
11121,32.1,49.3,6.81,2025-10-02 06:52:15.753,b827eb0fae5c_20251002_01,POINT (8.990947 52.281604),,47.0,,291.15,22.81,15.04,1024.48,48.22,,,,true
11122,32.1,51.3,6.94,2025-10-02 06:52:40.703,b827eb0fae5c_20251002_01,POINT (8.988962 52.282197),,44.9,,293.75,20.93,14.99,1024.62,48.49,,,,true
11123,31.2,51.6,7.0,2025-10-02 06:53:05.724,b827eb0fae5c_20251002_01,POINT (8.986972 52.282737),,39.4,,297.93,21.83,14.94,1024.56,48.35,,,,true
11124,30.25,47.5,7.029999999999999,2025-10-02 06:53:43.209,b827eb0fae5c_20251002_01,POINT (8.983002 52.284034),,37.3,,301.79,23.185000000000002,14.895,1024.69,48.55,,,,true
11125,30.9,50.4,6.81,2025-10-02 06:54:20.710,b827eb0fae5c_20251002_01,POINT (8.981739 52.284958),,40.7,,321.12,10.08,14.87,1024.6,48.54,,,,true
11126,33.0,52.3,6.56,2025-10-02 06:54:45.714,b827eb0fae5c_20251002_01,POINT (8.980485 52.285867),,40.5,,321.63,15.71,14.89,1024.65,48.4,,,,true
11127,34.0,51.8,6.31,2025-10-02 06:55:10.706,b827eb0fae5c_20251002_01,POINT (8.979356 52.286922),,43.6,,329.8,19.98,14.8,1024.71,47.92,,,,true
11128,33.0,53.2,6.0,2025-10-02 06:55:35.745,b827eb0fae5c_20251002_01,POINT (8.978508 52.287721),,46.4,,326.35,10.07,14.85,1024.23,47.43,,,,true
11129,34.0,57.3,5.72,2025-10-02 06:56:13.214,b827eb0fae5c_20251002_01,POINT (8.975391 52.288171),,54.400000000000006,,265.605,19.875,14.73,1024.3899999999999,47.21,,,,true
11130,31.8,56.0,5.19,2025-10-02 06:56:50.702,b827eb0fae5c_20251002_01,POINT (8.973504 52.288072),,50.7,,263.88,20.84,14.4,1024.76,46.97,,,,true
11131,36.2,98.7,5.19,2025-10-02 06:57:15.723,b827eb0fae5c_20251002_01,POINT (8.971574 52.287981),,46.4,,265.9,18.66,14.27,1024.8,47.38,,,,true
11132,35.8,67.7,5.19,2025-10-02 06:57:40.696,b827eb0fae5c_20251002_01,POINT (8.969662 52.287865),,49.7,,259.64,17.02,14.18,1024.71,47.56,,,,true
11133,36.5,63.0,5.38,2025-10-02 06:58:05.716,b827eb0fae5c_20251002_01,POINT (8.967695 52.287826),,45.3,,266.96,18.0,14.3,1024.78,48.27,,,,true
11134,37.8,64.2,5.5,2025-10-02 06:58:43.212,b827eb0fae5c_20251002_01,POINT (8.963795 52.288029),,46.400000000000006,,274.03,17.54,14.379999999999999,1024.91,48.43,,,,true
11135,35.6,68.8,5.5,2025-10-02 06:59:20.711,b827eb0fae5c_20251002_01,POINT (8.962608 52.287987),,45.2,,,3.23,14.7,1024.77,47.41,,,,true
11136,31.5,64.6,5.69,2025-10-02 06:59:45.730,b827eb0fae5c_20251002_01,POINT (8.962584 52.287991),,46.9,,,1.9,15.05,1024.76,46.31,,,,true
11137,32.9,68.6,5.81,2025-10-02 07:00:10.706,b827eb0fae5c_20251002_01,POINT (8.9622 52.28797),,44.9,,260.54,10.88,15.28,1024.78,45.79,,,,true
11138,35.4,67.0,6.0,2025-10-02 07:00:35.728,b827eb0fae5c_20251002_01,POINT (8.960727 52.287857),,45.8,,266.59,12.94,15.29,1024.68,46.33,,,,true
11139,36.35,67.3,5.91,2025-10-02 07:01:13.208,b827eb0fae5c_20251002_01,POINT (8.957328 52.287945),,46.5,,273.53,18.439999999999998,15.24,1024.65,46.400000000000006,,,,true
11140,35.6,57.7,5.94,2025-10-02 07:01:50.709,b827eb0fae5c_20251002_01,POINT (8.955355 52.287891),,47.0,,267.88,17.61,15.14,1024.61,46.68,,,,true
11141,37.3,60.3,6.0,2025-10-02 07:02:15.733,b827eb0fae5c_20251002_01,POINT (8.953369 52.288014),,45.6,,283.39,23.81,15.06,1024.71,47.04,,,,true
11142,36.3,59.2,6.12,2025-10-02 07:02:40.697,b827eb0fae5c_20251002_01,POINT (8.951328 52.288339),,44.0,,279.96,21.43,14.93,1024.79,47.59,,,,true
11143,36.0,58.1,6.25,2025-10-02 07:03:05.732,b827eb0fae5c_20251002_01,POINT (8.949281 52.288558),,42.6,,281.05,16.06,14.95,1024.79,47.91,,,,true
11144,33.0,53.55,6.5,2025-10-02 07:03:43.213,b827eb0fae5c_20251002_01,POINT (8.945485 52.288976),,44.75,,279.425,16.869999999999997,15.015,1024.72,47.725,,,,true
11145,31.8,51.5,6.56,2025-10-02 07:04:20.721,b827eb0fae5c_20251002_01,POINT (8.94367 52.289171),,45.9,,258.34,16.81,14.98,1024.8,47.98,,,,true
11146,32.7,54.9,6.62,2025-10-02 07:04:45.720,b827eb0fae5c_20251002_01,POINT (8.94178 52.289209),,44.4,,279.72,17.52,15.0,1024.9,48.05,,,,true
11147,33.5,55.9,6.69,2025-10-02 07:05:10.708,b827eb0fae5c_20251002_01,POINT (8.939946 52.289474),,40.1,,,2.89,14.97,1025.03,48.23,,,,true
11148,30.6,54.8,6.81,2025-10-02 07:05:35.717,b827eb0fae5c_20251002_01,POINT (8.939207 52.289293),,40.1,,219.34,17.69,15.14,1025.05,47.71,,,,true
11149,37.95,127.15,6.970000000000001,2025-10-02 07:06:13.218,b827eb0fae5c_20251002_01,POINT (8.938903 52.28929),,43.349999999999994,,,1.355,14.965,1024.995,47.515,,,,true
11150,29.6,53.0,7.0,2025-10-02 07:06:50.692,b827eb0fae5c_20251002_01,POINT (8.937668 52.289605),,43.4,,301.04,19.87,14.95,1024.99,48.21,,,,true
11151,29.4,52.3,7.12,2025-10-02 07:07:15.719,b827eb0fae5c_20251002_01,POINT (8.93724 52.289789),,48.2,,,3.03,15.06,1025.01,47.94,,,,true
11152,28.9,52.6,7.12,2025-10-02 07:07:40.734,b827eb0fae5c_20251002_01,POINT (8.936931 52.290113),,47.1,,289.37,10.95,15.06,1024.98,47.93,,,,true
11153,30.1,51.4,7.0,2025-10-02 07:08:05.722,b827eb0fae5c_20251002_01,POINT (8.93617 52.290587),,47.9,,18.38,13.84,14.82,1024.95,48.04,,,,true
11154,31.85,51.95,6.25,2025-10-02 07:08:43.211,b827eb0fae5c_20251002_01,POINT (8.937067 52.292481),,47.5,,193.17,13.26,14.295,1025.0149999999999,48.86,,,,true
11155,32.8,65.6,5.81,2025-10-02 07:09:20.746,b827eb0fae5c_20251002_01,POINT (8.937374 52.293207),,58.0,,12.78,9.06,14.3,1024.58,48.81,,,,true
11156,33.5,65.0,5.75,2025-10-02 07:09:45.731,b827eb0fae5c_20251002_01,POINT (8.937476 52.293722),,63.2,,307.04,9.65,14.57,1024.17,48.28,,,,true
11157,35.8,67.6,5.69,2025-10-02 07:10:10.699,b827eb0fae5c_20251002_01,POINT (8.937314 52.294302),,57.1,,34.42,13.54,14.48,1024.62,48.64,,,,true
11158,39.7,67.6,5.69,2025-10-02 07:10:35.728,b827eb0fae5c_20251002_01,POINT (8.937404 52.295481),,57.7,,344.95,16.51,14.25,1024.92,48.93,,,,true
11159,36.0,67.35,5.5,2025-10-02 07:11:13.227,b827eb0fae5c_20251002_01,POINT (8.936076 52.296464),,47.099999999999994,,153.07,15.370000000000001,14.25,1024.855,48.584999999999994,,,,true
11160,37.8,71.9,5.75,2025-10-02 07:11:50.719,b827eb0fae5c_20251002_01,POINT (8.936571 52.297352),,49.5,,359.74,14.28,14.23,1024.88,49.12,,,,true
11161,34.7,73.5,5.88,2025-10-02 07:12:15.775,b827eb0fae5c_20251002_01,POINT (8.936612 52.297646),,44.8,,,0.08,14.38,1024.88,48.74,,,,true
11162,32.1,66.6,6.06,2025-10-02 07:12:40.705,b827eb0fae5c_20251002_01,POINT (8.936614 52.297666),,45.0,,,1.36,14.61,1024.88,48.24,,,,true
11163,33.2,71.0,6.31,2025-10-02 07:13:05.737,b827eb0fae5c_20251002_01,POINT (8.93624 52.297978),,45.3,,,0.38,14.6,1024.84,47.98,,,,true
11164,32.9,65.0,6.625,2025-10-02 07:13:43.229,b827eb0fae5c_20251002_01,POINT (8.935782 52.297827),,46.0,,,4.74,14.735,1024.815,47.875,,,,true
11165,32.0,62.8,6.88,2025-10-02 07:14:20.724,b827eb0fae5c_20251002_01,POINT (8.935774 52.297848),,45.2,,,0.44,14.93,1024.72,47.95,,,,true
11166,31.4,59.2,7.06,2025-10-02 07:14:45.717,b827eb0fae5c_20251002_01,POINT (8.935797 52.297855),,46.0,,,3.61,15.16,1024.75,47.5,,,,true
11167,31.7,56.3,7.12,2025-10-02 07:15:10.721,b827eb0fae5c_20251002_01,POINT (8.935384 52.29757),,48.2,,261.87,10.96,15.2,1024.65,47.78,,,,true
11168,33.7,54.7,7.12,2025-10-02 07:15:35.718,b827eb0fae5c_20251002_01,POINT (8.934062 52.297511),,51.5,,267.39,13.99,14.96,1024.43,48.54,,,,true
11169,32.0,50.3,7.155,2025-10-02 07:16:13.217,b827eb0fae5c_20251002_01,POINT (8.930923 52.297618),,52.1,,275.36,10.845,14.875,1024.25,48.825,,,,true
11170,32.8,50.8,7.19,2025-10-02 07:16:50.706,b827eb0fae5c_20251002_01,POINT (8.92922 52.29788),,50.3,,286.57,12.23,14.74,1024.26,49.5,,,,true
11171,34.6,54.4,7.12,2025-10-02 07:17:15.732,b827eb0fae5c_20251002_01,POINT (8.927498 52.298218),,51.2,,283.8,17.41,14.66,1024.34,49.84,,,,true
11172,33.0,53.4,6.81,2025-10-02 07:17:40.720,b827eb0fae5c_20251002_01,POINT (8.925898 52.298524),,50.7,,287.9,15.27,14.56,1024.39,49.92,,,,true
11173,36.3,55.2,6.88,2025-10-02 07:18:05.723,b827eb0fae5c_20251002_01,POINT (8.924201 52.298801),,49.9,,281.84,14.99,14.62,1024.47,49.96,,,,true
11174,35.849999999999994,54.45,6.94,2025-10-02 07:18:43.215,b827eb0fae5c_20251002_01,POINT (8.92068 52.299054),,50.400000000000006,,275.265,17.795,14.635,1024.49,49.78,,,,true
11175,32.9,52.5,6.75,2025-10-02 07:19:20.728,b827eb0fae5c_20251002_01,POINT (8.919227 52.299199),,51.7,,281.88,11.51,14.78,1024.18,49.02,,,,true
11176,33.6,63.1,6.44,2025-10-02 07:19:45.734,b827eb0fae5c_20251002_01,POINT (8.918035 52.299365),,53.8,,284.96,12.18,14.94,1023.78,48.54,,,,true
11177,34.1,60.9,6.31,2025-10-02 07:20:10.704,b827eb0fae5c_20251002_01,POINT (8.916657 52.299566),,55.5,,281.16,12.73,14.95,1023.63,48.81,,,,true
11178,31.8,59.6,6.5,2025-10-02 07:20:35.730,b827eb0fae5c_20251002_01,POINT (8.916161 52.30006),,60.4,,,4.61,14.83,1023.47,48.48,,,,true
11179,29.049999999999997,57.099999999999994,6.75,2025-10-02 07:21:13.587,b827eb0fae5c_20251002_01,POINT (8.916117 52.300048),,55.2,,,2.09,15.34,1023.475,47.790000000000006,,,,true
11180,29.9,55.5,6.88,2025-10-02 07:21:50.717,b827eb0fae5c_20251002_01,POINT (8.915542 52.300149),,55.1,,294.71,22.24,15.56,1023.47,47.2,,,,true
11181,32.7,55.6,6.88,2025-10-02 07:22:15.743,b827eb0fae5c_20251002_01,POINT (8.913918 52.300042),,56.0,,256.86,17.55,15.41,1023.64,47.64,,,,true
11182,31.3,52.9,6.94,2025-10-02 07:22:40.710,b827eb0fae5c_20251002_01,POINT (8.912531 52.299727),,77.2,,,7.1,15.31,1023.49,47.95,,,,true
11183,31.8,53.2,6.94,2025-10-02 07:23:05.730,b827eb0fae5c_20251002_01,POINT (8.91103 52.29964),,70.9,,249.08,19.98,15.36,1023.49,47.86,,,,true
11184,30.85,51.1,6.970000000000001,2025-10-02 07:23:43.208,b827eb0fae5c_20251002_01,POINT (8.907657 52.299064),,63.949999999999996,,249.9,15.985,15.015,1023.46,48.365,,,,true
11185,32.2,53.5,6.81,2025-10-02 07:24:20.712,b827eb0fae5c_20251002_01,POINT (8.905856 52.298625),,78.3,,251.63,17.02,14.94,1023.61,48.73,,,,true
11186,31.2,51.2,6.88,2025-10-02 07:24:45.746,b827eb0fae5c_20251002_01,POINT (8.904547 52.298096),,115.9,,216.21,16.59,14.95,1023.69,48.86,,,,true
11187,28.8,49.2,6.81,2025-10-02 07:25:10.706,b827eb0fae5c_20251002_01,POINT (8.903926 52.297683),,83.1,,,0.21,15.25,1023.82,48.07,,,,true
11188,28.0,53.0,6.94,2025-10-02 07:25:35.726,b827eb0fae5c_20251002_01,POINT (8.903811 52.297659),,71.8,,,0.26,15.55,1023.76,47.21,,,,true
11189,29.8,52.65,6.9399999999999995,2025-10-02 07:26:13.216,b827eb0fae5c_20251002_01,POINT (8.904719 52.29728),,76.85,,67.65,8.530000000000001,15.475,1023.765,46.975,,,,true
11190,30.5,50.7,6.88,2025-10-02 07:26:50.700,b827eb0fae5c_20251002_01,POINT (8.905139 52.296873),,80.4,,115.91,10.24,15.3,1023.69,47.12,,,,true
11191,29.5,52.2,7.0,2025-10-02 07:27:17.076,b827eb0fae5c_20251002_01,POINT (8.905211 52.296684),,62.0,,,1.26,15.22,1023.67,47.29,,,,true
11192,28.5,52.8,7.19,2025-10-02 07:27:42.067,b827eb0fae5c_20251002_01,POINT (8.905217 52.296684),,55.9,,,1.59,15.13,1023.64,47.74,,,,true
11193,27.9,61.8,7.69,2025-10-02 07:28:07.074,b827eb0fae5c_20251002_01,POINT (8.905279 52.296655),,55.4,,,6.58,15.1,1023.59,47.65,,,,true
11194,15.600000000000001,26.099999999999998,10.375,2025-10-02 07:28:44.203,b827eb0fae5c_20251002_01,,,,,,,14.895,1022.96,50.87,,,,true
11195,8.7,12.0,12.56,2025-10-02 07:29:18.311,b827eb0fae5c_20251002_01,,,,,,,14.95,1022.13,55.13,,,,true
11196,6.1,7.9,13.88,2025-10-02 07:29:46.097,b827eb0fae5c_20251002_01,,,,,,,15.11,1022.06,58.35,,,,true
11197,3.0,3.5,14.5,2025-10-02 07:30:14.553,b827eb0fae5c_20251002_01,,,,,,,15.39,1022.04,59.68,,,,true
11198,2.7,4.9,15.06,2025-10-02 07:30:39.584,b827eb0fae5c_20251002_01,,,,,,,15.79,1022.06,59.83,,,,true
11231,2.55,3.65,15.405000000000001,2025-10-02 07:31:14.227,b827eb0fae5c_20251002_01,,,,,,,16.39,1022.0699999999999,59.15,,,,true
11232,6.0,7.4,22.25,2025-10-02 13:29:12.987,b827eb0fae5c_20251002_02,,,,,,,22.98,1021.45,33.05,,,,true
11233,6.699999999999999,8.0,22.12,2025-10-02 13:29:42.053,b827eb0fae5c_20251002_02,,,,,,,22.91,1021.43,33.15,,,,true
11234,6.2,7.2,22.22,2025-10-02 13:30:14.490,b827eb0fae5c_20251002_02,,,,,,,23.11,1021.4,33.23,,,,true
11235,6.7,10.8,22.19,2025-10-02 13:30:46.517,b827eb0fae5c_20251002_02,,,,,,,23.22,1021.44,32.55,,,,true
11236,6.0,7.7,,2025-10-02 13:31:11.131,b827eb0fae5c_20251002_02,,,,,,,,,,,,,true
11237,5.4,6.7,18.0,2025-10-02 20:11:45.125,b827eb0fae5c_20251002_03,,,,,,,23.8,1020.77,33.43,,,,true
11238,5.2,6.8,17.75,2025-10-02 20:12:08.363,b827eb0fae5c_20251002_03,,,,,,,23.65,1020.84,33.13,,,,true
11268,5.65,7.65,16.715,2025-10-02 20:12:42.883,b827eb0fae5c_20251002_03,,,,,,,23.615000000000002,1020.785,32.46,,,,true
11269,6.6,9.3,11.12,2025-10-02 20:17:56.158,b827eb0fae5c_20251002_04,,,,,,,22.1,1021.53,32.98,,,,true
11270,7.2,10.7,11.31,2025-10-02 20:18:19.737,b827eb0fae5c_20251002_04,,,,,,,21.58,1021.63,33.77,,,,true
11271,8.4,12.7,11.5,2025-10-02 20:18:46.009,b827eb0fae5c_20251002_04,,,,,,,21.23,1021.6,34.22,,,,true
11272,,,,2025-10-02 20:19:23.978,b827eb0fae5c_20251002_04,,,,,99.44,21.21,,,,,,,true
11273,10.0,13.4,11.69,2025-10-02 20:19:40.607,b827eb0fae5c_20251002_04,POINT (8.926065 52.298609),,56.5,,104.88,19.65,20.72,1021.56,35.0,,,,true
11274,9.4,10.7,11.56,2025-10-02 20:20:05.569,b827eb0fae5c_20251002_04,POINT (8.927819 52.29824),,51.2,,105.3,16.86,20.45,1021.44,35.78,,,,true
11275,8.9,11.25,11.684999999999999,2025-10-02 20:20:43.210,b827eb0fae5c_20251002_04,POINT (8.931562 52.297526),,42.1,,102.68,18.77,20.68,1021.37,35.33,,,,true
11276,9.2,11.7,11.81,2025-10-02 20:21:23.077,b827eb0fae5c_20251002_04,,,,,,,20.62,1021.52,34.6,,,,true
11277,8.6,10.3,11.62,2025-10-02 20:21:48.081,b827eb0fae5c_20251002_04,,,,,,,20.21,1021.97,35.5,,,,true
11278,7.8,9.8,11.44,2025-10-02 20:22:13.072,b827eb0fae5c_20251002_04,,,,,,,20.05,1022.05,36.36,,,,true
11279,7.4,11.8,11.44,2025-10-02 20:22:38.126,b827eb0fae5c_20251002_04,,,,,,,20.46,1022.08,35.33,,,,true
11280,8.2,9.7,10.47,2025-10-02 20:23:12.841,b827eb0fae5c_20251002_04,,,,,,,20.67,1022.085,35.425,,,,true
11281,7.7,8.7,10.0,2025-10-02 20:23:47.415,b827eb0fae5c_20251002_04,POINT (8.937579 52.294568),,46.3,,216.9,12.54,20.93,1021.8,36.03,,,,true
11282,7.8,10.1,10.38,2025-10-02 20:24:15.571,b827eb0fae5c_20251002_04,POINT (8.937314 52.294145),,62.0,,,6.05,21.4,1021.37,34.64,,,,true
11283,8.7,15.7,10.44,2025-10-02 20:24:40.593,b827eb0fae5c_20251002_04,POINT (8.937548 52.293668),,68.0,,218.16,14.35,21.53,1021.79,34.3,,,,true
11284,11.8,15.9,9.88,2025-10-02 20:25:10.415,b827eb0fae5c_20251002_04,POINT (8.936333 52.291159),,62.3,,202.505,17.505,21.05,1022.23,35.13,,,,true
11285,8.3,9.350000000000001,10.309999999999999,2025-10-02 20:25:44.966,b827eb0fae5c_20251002_04,POINT (8.936827 52.290526),,66.6,,106.44,14.37,21.07,1022.13,35.105000000000004,,,,true
11286,7.7,10.2,10.75,2025-10-02 20:26:20.590,b827eb0fae5c_20251002_04,POINT (8.937261 52.290013),,63.8,,193.71,8.87,21.13,1022.2,34.6,,,,true
11287,7.8,9.6,11.06,2025-10-02 20:26:45.595,b827eb0fae5c_20251002_04,POINT (8.938375 52.289693),,64.5,,106.24,7.84,21.25,1022.18,34.22,,,,true
11288,8.5,11.3,11.06,2025-10-02 20:27:10.582,b827eb0fae5c_20251002_04,POINT (8.939485 52.289743),,64.5,,48.64,12.34,21.3,1022.24,34.42,,,,true
11289,9.2,10.7,10.88,2025-10-02 20:27:40.439,b827eb0fae5c_20251002_04,POINT (8.942452 52.289366),,69.80000000000001,,97.765,16.12,21.1,1022.16,34.85,,,,true
11290,9.2,11.25,10.75,2025-10-02 20:28:14.969,b827eb0fae5c_20251002_04,POINT (8.944331 52.289288),,66.0,,96.39,17.49,20.770000000000003,1022.02,35.735,,,,true
11291,9.7,12.5,10.75,2025-10-02 20:28:50.598,b827eb0fae5c_20251002_04,POINT (8.946128 52.289058),,56.9,,98.68,18.14,20.57,1021.91,36.04,,,,true
11292,8.4,9.6,10.69,2025-10-02 20:29:15.571,b827eb0fae5c_20251002_04,POINT (8.947996 52.288842),,58.0,,97.85,19.09,20.36,1021.97,36.53,,,,true
11293,8.5,13.2,10.62,2025-10-02 20:29:40.596,b827eb0fae5c_20251002_04,POINT (8.949824 52.288638),,57.9,,102.03,17.92,20.18,1022.02,36.78,,,,true
11294,8.4,13.2,10.44,2025-10-02 20:30:10.420,b827eb0fae5c_20251002_04,POINT (8.953218 52.288106),,58.05,,108.235,16.924999999999997,20.21,1021.95,36.86,,,,true
11295,8.9,11.2,10.315000000000001,2025-10-02 20:30:44.993,b827eb0fae5c_20251002_04,POINT (8.954941 52.287939),,56.2,,89.04,17.48,20.335,1021.84,36.71,,,,true
11296,8.9,11.6,10.0,2025-10-02 20:31:20.581,b827eb0fae5c_20251002_04,POINT (8.956731 52.288001),,52.6,,85.28,17.73,20.6,1021.82,36.27,,,,true
11297,8.9,11.5,9.94,2025-10-02 20:31:45.578,b827eb0fae5c_20251002_04,POINT (8.95857 52.287801),,44.6,,105.86,18.32,20.55,1021.78,36.06,,,,true
11298,9.3,10.4,10.06,2025-10-02 20:32:10.571,b827eb0fae5c_20251002_04,POINT (8.96039 52.288013),,59.4,,51.52,21.09,20.3,1021.89,36.4,,,,true
11299,8.4,9.8,10.25,2025-10-02 20:32:40.425,b827eb0fae5c_20251002_04,POINT (8.964279 52.288091),,64.85,,85.515,18.215,20.29,1021.97,35.9,,,,true
11300,8.8,9.8,10.280000000000001,2025-10-02 20:33:14.948,b827eb0fae5c_20251002_04,POINT (8.965942 52.28792),,40.9,,101.51,16.23,20.39,1022.01,35.945,,,,true
11301,8.7,10.4,10.38,2025-10-02 20:33:50.594,b827eb0fae5c_20251002_04,POINT (8.967622 52.287846),,37.6,,92.0,15.95,20.2,1021.92,36.16,,,,true
11302,7.5,8.4,10.31,2025-10-02 20:34:15.560,b827eb0fae5c_20251002_04,POINT (8.969297 52.287838),,35.2,,87.6,17.61,20.28,1021.85,35.67,,,,true
11303,6.6,8.8,10.25,2025-10-02 20:34:40.587,b827eb0fae5c_20251002_04,POINT (8.97118 52.287899),,33.8,,87.71,19.23,20.25,1021.89,36.06,,,,true
11304,8.4,11.3,9.94,2025-10-02 20:35:10.435,b827eb0fae5c_20251002_04,POINT (8.974837 52.288103),,38.900000000000006,,85.00999999999999,18.015,20.11,1021.89,36.33,,,,true
11305,8.95,12.0,9.219999999999999,2025-10-02 20:35:44.974,b827eb0fae5c_20251002_04,POINT (8.976612 52.288171),,39.6,,89.5,11.56,20.085,1021.7,36.49,,,,true
11306,7.5,11.1,9.0,2025-10-02 20:36:20.574,b827eb0fae5c_20251002_04,POINT (8.977728 52.288272),,45.1,,77.04,11.2,20.35,1021.12,36.09,,,,true
11307,8.2,11.4,8.81,2025-10-02 20:36:45.578,b827eb0fae5c_20251002_04,POINT (8.978522 52.287833),,57.1,,136.79,14.77,20.35,1021.48,35.88,,,,true
11308,9.2,12.6,8.75,2025-10-02 20:37:10.599,b827eb0fae5c_20251002_04,POINT (8.979843 52.28653),,52.8,,150.36,18.9,20.21,1021.84,36.25,,,,true
11309,9.5,12.3,8.81,2025-10-02 20:37:40.440,b827eb0fae5c_20251002_04,POINT (8.981709 52.28505),,48.5,,137.425,13.635,19.92,1021.82,36.91,,,,true
11310,8.55,10.6,8.845,2025-10-02 20:38:14.989,b827eb0fae5c_20251002_04,POINT (8.982772 52.284445),,46.7,,133.19,14.89,19.174999999999997,1021.905,38.515,,,,true
11311,8.2,10.7,8.69,2025-10-02 20:38:50.589,b827eb0fae5c_20251002_04,POINT (8.984269 52.283803),,43.6,,116.3,17.19,18.97,1021.87,38.82,,,,true
11312,8.6,17.7,8.5,2025-10-02 20:39:15.586,b827eb0fae5c_20251002_04,POINT (8.985782 52.28328),,42.6,,114.5,16.86,18.99,1021.78,38.65,,,,true
11313,8.3,13.3,8.31,2025-10-02 20:39:40.585,b827eb0fae5c_20251002_04,POINT (8.987314 52.282748),,42.5,,117.39,17.53,18.93,1021.72,38.59,,,,true
11314,8.9,11.2,8.5,2025-10-02 20:40:10.434,b827eb0fae5c_20251002_04,POINT (8.990457 52.281757),,40.8,,114.88499999999999,16.884999999999998,18.87,1021.72,38.83,,,,true
11315,8.8,19.5,8.81,2025-10-02 20:40:44.974,b827eb0fae5c_20251002_04,POINT (8.991989 52.281392),,44.0,,105.3,17.01,18.895000000000003,1021.575,38.8,,,,true
11316,8.0,11.1,8.62,2025-10-02 20:41:20.575,b827eb0fae5c_20251002_04,POINT (8.993493 52.281112),,45.6,,105.79,13.72,18.98,1021.32,38.56,,,,true
11317,7.8,11.0,8.56,2025-10-02 20:41:45.583,b827eb0fae5c_20251002_04,POINT (8.99482 52.280833),,48.3,,104.17,13.65,19.17,1021.16,37.88,,,,true
11318,7.6,11.1,8.88,2025-10-02 20:42:10.591,b827eb0fae5c_20251002_04,POINT (8.995865 52.280432),,52.5,,127.71,16.15,19.13,1021.25,38.0,,,,true
11319,7.8,9.5,8.81,2025-10-02 20:42:40.423,b827eb0fae5c_20251002_04,POINT (8.998776 52.279508),,49.75,,107.77000000000001,14.295000000000002,18.95,1021.36,38.62,,,,true
11320,7.85,10.75,8.5,2025-10-02 20:43:14.985,b827eb0fae5c_20251002_04,POINT (8.999396 52.279142),,44.9,,,6.08,19.055,1021.5,38.305,,,,true
11321,7.6,13.2,8.5,2025-10-02 20:43:50.587,b827eb0fae5c_20251002_04,POINT (8.999331 52.279226),,43.8,,,2.17,19.17,1021.56,37.48,,,,true
11322,7.5,9.9,8.19,2025-10-02 20:44:15.590,b827eb0fae5c_20251002_04,POINT (9.000209 52.278759),,45.2,,130.78,12.62,19.1,1021.51,38.23,,,,true
11323,8.4,12.1,8.25,2025-10-02 20:44:40.565,b827eb0fae5c_20251002_04,POINT (9.000564 52.277947),,51.1,,157.75,16.86,18.97,1021.64,38.55,,,,true
11324,8.0,11.0,8.06,2025-10-02 20:45:10.271,b827eb0fae5c_20251002_04,POINT (9.00136 52.2759),,50.7,,171.64999999999998,16.255,18.86,1021.63,38.71,,,,true
11325,8.0,10.75,8.155000000000001,2025-10-02 20:45:44.928,b827eb0fae5c_20251002_04,POINT (9.001802 52.274807),,49.7,,154.38,19.02,18.795,1021.645,38.785,,,,true
11326,8.4,11.1,8.0,2025-10-02 20:46:20.557,b827eb0fae5c_20251002_04,POINT (9.00251 52.273734),,48.0,,156.63,17.16,18.79,1021.57,38.66,,,,true
11327,9.0,12.1,7.88,2025-10-02 20:46:45.569,b827eb0fae5c_20251002_04,POINT (9.002766 52.272674),,51.1,,173.8,17.16,18.66,1021.59,39.57,,,,true
11328,8.7,11.3,8.56,2025-10-02 20:47:10.550,b827eb0fae5c_20251002_04,POINT (9.003068 52.271735),,53.7,,144.21,15.77,18.84,1021.39,39.06,,,,true
11329,8.7,10.8,8.75,2025-10-02 20:47:40.402,b827eb0fae5c_20251002_04,POINT (9.006323 52.271338),,48.6,,101.85,16.604999999999997,18.86,1021.37,39.24,,,,true
11330,7.9,9.75,9.375,2025-10-02 20:48:14.867,b827eb0fae5c_20251002_04,POINT (9.007898 52.270944),,44.7,,115.39,16.43,18.72,1021.365,39.26,,,,true
11331,7.1,7.9,9.25,2025-10-02 20:48:50.382,b827eb0fae5c_20251002_04,POINT (9.009348 52.270601),,49.5,,105.57,13.66,18.56,1021.25,39.87,,,,true
11332,8.2,9.1,8.94,2025-10-02 20:49:15.380,b827eb0fae5c_20251002_04,POINT (9.010732 52.2703),,58.3,,114.79,15.69,18.55,1021.15,40.07,,,,true
11333,7.5,9.3,9.38,2025-10-02 20:49:40.378,b827eb0fae5c_20251002_04,POINT (9.012149 52.269779),,51.6,,114.92,14.35,18.62,1021.08,39.59,,,,true
11334,7.7,8.6,9.88,2025-10-02 20:50:10.276,b827eb0fae5c_20251002_04,POINT (9.014928 52.268952),,49.6,,115.41999999999999,15.649999999999999,18.69,1021.12,39.32,,,,true
11335,7.5,8.95,9.905000000000001,2025-10-02 20:50:44.755,b827eb0fae5c_20251002_04,POINT (9.016367 52.268455),,50.1,,127.28,16.51,18.685000000000002,1020.99,39.295,,,,true
11336,7.0,8.0,10.0,2025-10-02 20:51:20.368,b827eb0fae5c_20251002_04,POINT (9.017786 52.268017),,51.4,,114.92,14.88,18.47,1020.93,39.34,,,,true
11337,7.0,9.0,10.25,2025-10-02 20:51:45.390,b827eb0fae5c_20251002_04,POINT (9.019214 52.267498),,52.1,,120.29,15.13,18.33,1020.87,39.69,,,,true
11338,6.9,7.7,10.44,2025-10-02 20:52:10.385,b827eb0fae5c_20251002_04,POINT (9.020606 52.267176),,50.2,,118.4,15.51,18.32,1020.77,39.78,,,,true
11339,7.1,8.0,10.56,2025-10-02 20:52:40.265,b827eb0fae5c_20251002_04,POINT (9.023625 52.26626),,50.099999999999994,,120.80000000000001,16.915,18.27,1020.73,39.77,,,,true
11340,6.65,7.8500000000000005,10.594999999999999,2025-10-02 20:53:14.753,b827eb0fae5c_20251002_04,POINT (9.025133 52.265782),,52.3,,119.93,17.15,18.325000000000003,1020.5550000000001,39.71,,,,true
11341,7.0,8.5,10.38,2025-10-02 20:53:50.383,b827eb0fae5c_20251002_04,POINT (9.026535 52.265287),,51.1,,124.22,13.61,18.44,1020.45,39.73,,,,true
11342,6.6,7.4,10.62,2025-10-02 20:54:15.399,b827eb0fae5c_20251002_04,POINT (9.027611 52.265171),,60.1,,106.28,12.0,18.46,1020.37,39.84,,,,true
11373,6.8,7.6,10.81,2025-10-02 20:54:40.374,b827eb0fae5c_20251002_04,POINT (9.028696 52.26495),,64.8,,,5.25,18.48,1020.28,39.74,,,,true
11374,2.6,13.7,13.75,2025-10-02 21:01:44.938,b827eb0fae5c_20251002_05,,,,,,,17.34,1000.36,53.37,,,,true
11375,2.9,11.3,13.5,2025-10-02 21:02:09.205,b827eb0fae5c_20251002_05,,,,,,,17.55,1000.24,53.19,,,,true
11376,3.15,13.7,13.375,2025-10-02 21:02:42.758,b827eb0fae5c_20251002_05,,,,,,,17.84,999.98,52.64,,,,true
11377,3.2,14.3,13.19,2025-10-02 21:03:16.887,b827eb0fae5c_20251002_05,,,,,,,18.1,1000.09,51.68,,,,true
11378,3.2,13.0,13.12,2025-10-02 21:03:44.683,b827eb0fae5c_20251002_05,,,,,,,18.28,1000.14,50.96,,,,true
11379,4.3,16.3,13.0,2025-10-02 21:04:13.117,b827eb0fae5c_20251002_05,,,,,,,18.43,1000.18,50.61,,,,true
11380,4.7,18.2,12.94,2025-10-02 21:04:38.286,b827eb0fae5c_20251002_05,,,,,,,18.5,1000.38,50.52,,,,true
11381,3.75,13.25,12.94,2025-10-02 21:05:12.751,b827eb0fae5c_20251002_05,,,,,,,18.659999999999997,1000.4,50.84,,,,true
11382,2.5,10.7,12.94,2025-10-02 21:05:46.899,b827eb0fae5c_20251002_05,,,,,,,18.9,1000.52,50.52,,,,true
11383,4.1,15.5,13.0,2025-10-02 21:06:14.680,b827eb0fae5c_20251002_05,,,,,,,18.96,1000.57,50.09,,,,true
11384,3.2,14.4,13.06,2025-10-02 21:06:43.145,b827eb0fae5c_20251002_05,,,,,,,19.04,1000.57,49.87,,,,true
11385,3.1,12.5,13.12,2025-10-02 21:07:08.130,b827eb0fae5c_20251002_05,,,,,,,19.19,1000.66,48.93,,,,true
11386,3.5,13.05,13.19,2025-10-02 21:07:42.747,b827eb0fae5c_20251002_05,,,,,,,19.39,1000.875,49.14,,,,true
11387,3.4,15.2,13.12,2025-10-02 21:08:16.897,b827eb0fae5c_20251002_05,,,,,,,19.57,1000.85,48.0,,,,true
11388,3.6,14.1,13.38,2025-10-02 21:08:44.698,b827eb0fae5c_20251002_05,,,,,,,19.72,1001.12,48.03,,,,true
11389,4.6,15.8,13.62,2025-10-02 21:09:13.136,b827eb0fae5c_20251002_05,,,,,,,19.86,1001.13,46.9,,,,true
11390,3.8,12.4,13.69,2025-10-02 21:09:38.153,b827eb0fae5c_20251002_05,,,,,,,19.98,1001.1,46.56,,,,true
11391,3.3,11.75,13.780000000000001,2025-10-02 21:10:12.757,b827eb0fae5c_20251002_05,,,,,,,20.205,1001.1500000000001,46.08,,,,true
11392,3.5,14.9,13.75,2025-10-02 21:10:46.893,b827eb0fae5c_20251002_05,,,,,,,20.39,1001.33,45.64,,,,true
11393,4.0,14.2,13.69,2025-10-02 21:11:14.687,b827eb0fae5c_20251002_05,,,,,,,20.5,1001.19,45.39,,,,true
11395,4.0,14.4,13.75,2025-10-02 21:11:43.142,b827eb0fae5c_20251002_05,,,,,,,20.61,1001.35,44.43,,,,true
11396,3.7,13.4,13.88,2025-10-02 21:12:05.559,b827eb0fae5c_20251002_05,,,,,,,20.74,1001.21,44.49,,,,true
11394,,,,2025-10-05 12:56:27.773,b827eb0fae5c_20251005_01,,,,,,0.45,,,,,,,true
11397,3.0,15.7,14.12,2025-10-05 12:56:43.453,b827eb0fae5c_20251005_01,POINT (9.001459 52.276119),,42.6,,,1.85,20.96,1001.21,44.47,,,,true
11398,3.1,17.2,14.31,2025-10-05 12:57:10.917,b827eb0fae5c_20251005_01,,,,,,,21.15,1001.27,44.29,,,,true
11399,3.45,14.7,14.25,2025-10-05 12:57:46.021,b827eb0fae5c_20251005_01,POINT (9.0005 52.278342),,38.55,,348.51,18.4,21.34,1001.3299999999999,43.760000000000005,,,,true
11400,3.9,14.3,14.19,2025-10-05 12:58:23.557,b827eb0fae5c_20251005_01,POINT (8.999594 52.279113),,42.8,,311.45,16.77,21.52,1001.22,43.69,,,,true
11401,3.5,11.1,14.19,2025-10-05 12:58:48.572,b827eb0fae5c_20251005_01,POINT (8.998336 52.279499),,47.4,,275.74,13.88,21.62,1001.12,43.26,,,,true
11402,3.7,14.8,14.06,2025-10-05 12:59:13.511,b827eb0fae5c_20251005_01,POINT (8.996836 52.27986),,53.7,,307.7,14.59,21.73,1001.04,42.31,,,,true
11403,3.4,11.5,14.12,2025-10-05 12:59:38.528,b827eb0fae5c_20251005_01,POINT (8.995807 52.280499),,56.9,,340.55,13.08,21.83,1000.72,42.52,,,,true
11404,3.55,14.4,14.25,2025-10-05 13:00:15.967,b827eb0fae5c_20251005_01,POINT (8.992659 52.281281),,59.25,,285.395,17.955,22.03,1001.035,42.144999999999996,,,,true
11405,3.8,15.0,14.0,2025-10-05 13:00:53.535,b827eb0fae5c_20251005_01,POINT (8.991007 52.281572),,54.2,,289.34,15.26,22.08,1001.26,41.25,,,,true
11406,4.3,14.0,13.88,2025-10-05 13:01:18.480,b827eb0fae5c_20251005_01,POINT (8.989629 52.281928),,50.2,,291.8,12.95,22.04,1001.37,41.42,,,,true
11407,3.3,11.7,13.75,2025-10-05 13:01:43.470,b827eb0fae5c_20251005_01,POINT (8.988127 52.282305),,44.6,,298.1,13.76,22.14,1001.48,42.11,,,,true
11408,2.5,8.3,13.62,2025-10-05 13:02:08.519,b827eb0fae5c_20251005_01,POINT (8.98675 52.282765),,41.5,,298.24,14.98,22.27,1001.46,41.47,,,,true
11409,2.7,11.8,13.655,2025-10-05 13:02:45.942,b827eb0fae5c_20251005_01,POINT (8.984034 52.283552),,39.7,,296.235,15.465,22.345,1001.505,41.635000000000005,,,,true
11410,3.3,15.0,13.88,2025-10-05 13:03:23.643,b827eb0fae5c_20251005_01,POINT (8.982643 52.283792),,37.1,,259.68,14.91,22.46,1001.39,41.36,,,,true
11411,3.5,13.9,13.94,2025-10-05 13:03:48.529,b827eb0fae5c_20251005_01,POINT (8.981123 52.28342),,35.4,,243.9,17.31,22.49,1001.48,41.45,,,,true
11412,3.5,14.7,13.94,2025-10-05 13:04:13.559,b827eb0fae5c_20251005_01,POINT (8.97984 52.282804),,34.9,,226.62,15.77,22.5,1001.44,40.92,,,,true
11413,3.3,12.8,14.0,2025-10-05 13:04:38.608,b827eb0fae5c_20251005_01,POINT (8.978499 52.282138),,37.0,,235.32,17.2,22.51,1001.55,40.57,,,,true
11414,3.55,14.649999999999999,14.030000000000001,2025-10-05 13:05:14.213,b827eb0fae5c_20251005_01,POINT (8.977099 52.281673),,41.5,,239.42,15.1,22.54,1001.515,40.5,,,,true
11415,3.3,15.2,13.94,2025-10-05 13:05:49.077,b827eb0fae5c_20251005_01,POINT (8.973533 52.281248),,41.65,,248.26,16.125,22.55,1001.45,41.14,,,,true
11416,3.3,14.8,13.81,2025-10-05 13:06:18.583,b827eb0fae5c_20251005_01,POINT (8.972188 52.280778),,46.6,,248.45,15.07,22.59,1001.51,41.36,,,,true
11417,3.3,10.8,13.75,2025-10-05 13:06:43.518,b827eb0fae5c_20251005_01,POINT (8.97047 52.280544),,48.9,,252.29,14.74,22.62,1001.51,40.67,,,,true
11418,3.4,12.8,13.88,2025-10-05 13:07:08.578,b827eb0fae5c_20251005_01,POINT (8.969135 52.280111),,46.9,,240.85,12.81,22.67,1001.43,40.21,,,,true
11419,4.199999999999999,15.25,13.940000000000001,2025-10-05 13:07:46.060,b827eb0fae5c_20251005_01,POINT (8.966302 52.279386),,41.2,,250.785,15.155000000000001,22.655,1001.52,40.769999999999996,,,,true
11420,4.2,14.2,13.81,2025-10-05 13:08:23.539,b827eb0fae5c_20251005_01,POINT (8.964899 52.279162),,36.7,,249.37,15.33,22.59,1001.56,39.82,,,,true
11421,4.0,15.0,13.88,2025-10-05 13:08:48.584,b827eb0fae5c_20251005_01,POINT (8.963277 52.279112),,34.2,,263.82,14.75,22.61,1001.49,39.91,,,,true
11422,3.9,13.8,13.94,2025-10-05 13:09:13.669,b827eb0fae5c_20251005_01,POINT (8.962145 52.278866),,36.2,,241.3,11.28,22.65,1001.5,39.65,,,,true
11423,3.6,14.7,14.0,2025-10-05 13:09:38.539,b827eb0fae5c_20251005_01,POINT (8.961086 52.278592),,38.1,,283.25,9.74,22.69,1001.4,39.56,,,,true
11424,2.9,13.6,13.94,2025-10-05 13:10:16.100,b827eb0fae5c_20251005_01,POINT (8.958912 52.279867),,40.35,,314.77,14.52,22.795,1001.45,39.379999999999995,,,,true
11425,3.3,12.4,14.06,2025-10-05 13:10:53.455,b827eb0fae5c_20251005_01,POINT (8.957683 52.280616),,46.7,,313.05,15.68,22.9,1001.62,39.72,,,,true
11426,4.1,13.7,14.12,2025-10-05 13:11:18.605,b827eb0fae5c_20251005_01,POINT (8.956578 52.281309),,49.1,,317.06,13.03,22.97,1001.48,39.51,,,,true
11427,3.3,13.1,14.12,2025-10-05 13:11:43.617,b827eb0fae5c_20251005_01,POINT (8.95552 52.281912),,47.3,,307.94,14.25,23.0,1001.45,39.2,,,,true
11428,3.2,12.3,14.19,2025-10-05 13:12:08.569,b827eb0fae5c_20251005_01,POINT (8.954205 52.282516),,47.8,,306.88,16.62,23.07,1001.37,39.5,,,,true
11429,4.05,15.15,14.09,2025-10-05 13:12:41.813,b827eb0fae5c_20251005_01,POINT (8.952944 52.283122),,50.6,,310.26,15.53,23.12,1001.19,39.03,,,,true
11430,3.5,14.7,14.06,2025-10-05 13:13:15.857,b827eb0fae5c_20251005_01,POINT (8.950408 52.284325),,48.1,,310.58000000000004,16.265,23.134999999999998,1001.355,38.834999999999994,,,,true
11438,3.3,13.5,14.0,2025-10-05 13:17:08.521,b827eb0fae5c_20251005_02,POINT (8.949015 52.284936),,52.0,,315.48,11.13,23.67,1001.48,37.71,,,,true
11439,3.1500000000000004,14.05,13.88,2025-10-05 13:17:46.060,b827eb0fae5c_20251005_02,POINT (8.946852 52.285809),,63.5,,309.48,13.23,23.65,1001.435,37.275,,,,true
11440,4.0,16.1,13.69,2025-10-05 13:18:23.659,b827eb0fae5c_20251005_02,POINT (8.945682 52.286292),,74.9,,304.05,9.89,23.58,1001.46,37.24,,,,true
11444,3.25,12.25,14.25,2025-10-05 13:20:16.090,b827eb0fae5c_20251005_02,POINT (8.943014 52.287644),,47.3,,133.9,11.8,24.020000000000003,1001.5350000000001,36.81999999999999,,,,true
11445,3.8,17.4,14.0,2025-10-05 13:20:53.697,b827eb0fae5c_20251005_02,POINT (8.941898 52.288201),,48.2,,301.25,15.15,23.99,1001.59,36.87,,,,true
11446,3.7,16.2,13.81,2025-10-05 13:21:18.618,b827eb0fae5c_20251005_02,POINT (8.940683 52.288821),,44.7,,307.09,15.27,23.9,1001.71,36.8,,,,true
11447,3.5,14.6,13.88,2025-10-05 13:21:43.484,b827eb0fae5c_20251005_02,POINT (8.939769 52.289597),,48.7,,346.69,17.99,23.87,1002.01,36.69,,,,true
11451,3.6,15.7,14.06,2025-10-05 13:23:48.457,b827eb0fae5c_20251005_02,POINT (8.937061 52.289124),,55.2,,267.73,13.21,24.07,1002.04,36.44,,,,true
11452,4.2,17.7,14.0,2025-10-05 13:24:13.518,b827eb0fae5c_20251005_02,POINT (8.935526 52.288915),,44.6,,256.53,13.47,24.02,1002.16,36.63,,,,true
11453,5.2,19.1,13.88,2025-10-05 13:24:38.594,b827eb0fae5c_20251005_02,POINT (8.933722 52.288721),,41.3,,248.93,12.39,23.93,1002.52,36.52,,,,true
11454,4.0,14.9,13.91,2025-10-05 13:25:16.065,b827eb0fae5c_20251005_02,POINT (8.930502 52.289302),,34.4,,285.195,13.98,23.759999999999998,1002.0699999999999,36.735,,,,true
11455,3.4,14.0,14.0,2025-10-05 13:25:53.537,b827eb0fae5c_20251005_02,POINT (8.92889 52.289368),,37.4,,272.25,13.77,23.71,1001.82,36.6,,,,true
11456,4.1,14.7,14.12,2025-10-05 13:26:18.615,b827eb0fae5c_20251005_02,POINT (8.927166 52.2895),,42.4,,270.98,15.56,23.7,1001.93,36.8,,,,true
11457,4.4,15.7,13.94,2025-10-05 13:26:43.605,b827eb0fae5c_20251005_02,POINT (8.925783 52.289555),,46.6,,289.49,14.08,23.64,1002.05,36.61,,,,true
11458,3.4,13.0,13.94,2025-10-05 13:27:08.623,b827eb0fae5c_20251005_02,POINT (8.92416 52.289833),,51.4,,286.38,15.06,23.68,1001.76,36.57,,,,true
11459,2.85,13.05,14.155000000000001,2025-10-05 13:27:46.072,b827eb0fae5c_20251005_02,POINT (8.922633 52.291341),,38.55,,333.8,16.34,23.78,1001.96,36.66,,,,true
11460,3.7,16.8,14.25,2025-10-05 13:28:23.610,b827eb0fae5c_20251005_02,POINT (8.921385 52.291992),,32.5,,298.3,13.33,23.84,1001.88,36.43,,,,true
11461,4.1,15.8,14.31,2025-10-05 13:28:48.608,b827eb0fae5c_20251005_02,POINT (8.920052 52.292115),,37.8,,,5.27,23.85,1002.02,36.57,,,,true
11462,2.9,12.2,14.44,2025-10-05 13:29:13.770,b827eb0fae5c_20251005_02,POINT (8.919579 52.292201),,40.3,,,4.16,23.86,1001.95,36.72,,,,true
11463,3.0,14.4,14.25,2025-10-05 13:29:38.619,b827eb0fae5c_20251005_02,POINT (8.918843 52.292395),,57.7,,,3.63,23.84,1001.77,36.91,,,,true
11464,3.0999999999999996,15.0,14.12,2025-10-05 13:30:16.079,b827eb0fae5c_20251005_02,POINT (8.916736 52.293264),,77.35,,328.55,6.45,23.84,1001.345,37.03,,,,true
11465,3.7,15.4,14.19,2025-10-05 13:30:53.597,b827eb0fae5c_20251005_02,POINT (8.916094 52.293502),,78.4,,338.28,6.47,23.85,1000.75,37.13,,,,true
11466,3.4,15.0,14.06,2025-10-05 13:31:18.591,b827eb0fae5c_20251005_02,POINT (8.915136 52.293452),,78.3,,,8.57,23.89,1000.44,36.37,,,,true
11467,3.4,15.1,14.0,2025-10-05 13:31:43.433,b827eb0fae5c_20251005_02,POINT (8.913858 52.292649),,65.3,,216.5,15.4,23.92,1000.45,36.2,,,,true
11468,3.8,15.7,13.81,2025-10-05 13:32:08.584,b827eb0fae5c_20251005_02,POINT (8.91267 52.292946),,88.6,,300.22,7.53,23.89,1000.51,36.13,,,,true
11469,4.5,17.75,13.75,2025-10-05 13:32:46.067,b827eb0fae5c_20251005_02,POINT (8.910935 52.294401),,79.55,,315.66499999999996,11.485,23.875,1000.5350000000001,35.925,,,,true
11470,3.3,13.3,13.62,2025-10-05 13:33:23.454,b827eb0fae5c_20251005_02,POINT (8.910064 52.295111),,78.2,,325.91,11.18,23.84,1000.49,35.94,,,,true
11471,3.6,17.5,13.69,2025-10-05 13:33:48.453,b827eb0fae5c_20251005_02,POINT (8.909081 52.295922),,77.7,,309.12,13.35,23.79,1000.46,36.47,,,,true
11472,3.7,15.8,13.81,2025-10-05 13:34:13.429,b827eb0fae5c_20251005_02,POINT (8.908574 52.296254),,77.4,,325.85,3.91,23.91,1000.44,36.27,,,,true
11473,3.7,14.3,14.0,2025-10-05 13:34:38.432,b827eb0fae5c_20251005_02,POINT (8.908209 52.296377),,77.8,,302.91,8.69,23.98,1000.49,36.12,,,,true
11474,3.3499999999999996,14.2,13.969999999999999,2025-10-05 13:35:16.025,b827eb0fae5c_20251005_02,POINT (8.905712 52.297158),,76.80000000000001,,296.22,14.115,23.92,1000.605,36.315,,,,true
11475,7.2,21.0,14.0,2025-10-05 13:35:53.503,b827eb0fae5c_20251005_02,POINT (8.905103 52.297361),,77.4,,,2.99,23.93,1000.59,36.32,,,,true
11476,11.9,23.8,13.81,2025-10-05 13:36:22.859,b827eb0fae5c_20251005_02,POINT (8.904882 52.296921),,80.2,,,0.84,23.91,1000.47,35.85,,,,true
11477,4.0,14.8,13.69,2025-10-05 13:36:47.851,b827eb0fae5c_20251005_02,POINT (8.904481 52.296568),,79.4,,209.44,7.11,23.93,1000.55,35.67,,,,true
11478,3.8,17.8,13.75,2025-10-05 13:37:12.863,b827eb0fae5c_20251005_02,POINT (8.904295 52.296372),,78.8,,,1.23,24.12,1000.66,35.35,,,,true
11479,3.3,17.3,13.88,2025-10-05 13:37:37.885,b827eb0fae5c_20251005_02,POINT (8.904321 52.296343),,74.9,,,1.3,24.23,1000.65,35.03,,,,true
11508,3.2,12.9,13.91,2025-10-05 13:38:15.367,b827eb0fae5c_20251005_02,POINT (8.905246 52.296584),,73.2,,113.09,7.1499999999999995,24.185000000000002,1000.435,35.285,,,,true
11850,1.8,8.6,14.81,2025-10-09 16:34:12.384,b827eb0fae5c_20251009_01,POINT (8.90008 52.276846),,17.6,,,0.93,24.02,1019.49,37.7,,,,true
11851,1.5,4.1,15.0,2025-10-09 16:34:43.374,b827eb0fae5c_20251009_01,POINT (8.900182 52.276962),,29.1,,,3.95,24.305,1019.435,37.379999999999995,,,,true
11852,1.2,4.6,15.125,2025-10-09 16:35:16.831,b827eb0fae5c_20251009_01,POINT (8.900262 52.275957),,32.2,,177.29,9.885000000000002,24.4,1019.49,37.06,,,,true
11853,1.1,3.6,14.88,2025-10-09 16:35:50.115,b827eb0fae5c_20251009_01,POINT (8.901588 52.275259),,30.9,,114.59,12.12,24.43,1019.36,37.02,,,,true
11854,0.9,2.9,14.75,2025-10-09 16:36:15.292,b827eb0fae5c_20251009_01,POINT (8.901704 52.274289),,60.1,,168.39,19.69,24.34,1019.38,37.58,,,,true
11855,1.5,3.6,14.69,2025-10-09 16:36:40.139,b827eb0fae5c_20251009_01,POINT (8.902271 52.273003),,53.0,,164.45,22.36,24.24,1019.52,37.6,,,,true
11856,1.65,4.15,14.62,2025-10-09 16:37:10.065,b827eb0fae5c_20251009_01,POINT (8.902662 52.271815),,68.5,,166.43,20.03,24.01,1019.56,37.98,,,,true
11857,1.2,4.3,14.59,2025-10-09 16:37:44.627,b827eb0fae5c_20251009_01,POINT (8.903753 52.26939),,119.45,,160.41000000000003,22.22,23.975,1019.5,38.165,,,,true
11858,1.0,3.4,14.5,2025-10-09 16:38:20.319,b827eb0fae5c_20251009_01,POINT (8.904447 52.268117),,146.0,,157.33,22.64,23.87,1019.52,38.64,,,,true
11859,0.8,1.9,14.38,2025-10-09 16:38:45.312,b827eb0fae5c_20251009_01,POINT (8.904943 52.267054),,138.7,,155.52,11.89,23.99,1019.42,38.75,,,,true
11884,1.2,2.8,14.25,2025-10-09 16:39:10.622,b827eb0fae5c_20251009_01,POINT (8.90533 52.265859),,124.2,,163.55,20.97,23.97,1019.49,38.6,,,,true
11885,0.9,3.7,14.25,2025-10-09 16:39:35.362,b827eb0fae5c_20251009_01,POINT (8.905611 52.264693),,111.7,,166.72,22.28,24.02,1019.58,38.2,,,,true
11936,1.8,6.6,13.469999999999999,2025-10-09 19:51:46.764,b827eb0fae5c_20251009_02,POINT (8.990766 52.281747),,54.949999999999996,,111.215,18.759999999999998,22.46,1020.28,43.22,,,,true
11937,1.6,4.0,13.5,2025-10-09 19:52:21.363,b827eb0fae5c_20251009_02,POINT (8.99309 52.281211),,56.9,,108.85,17.65,22.5,1020.11,42.63,,,,true
11938,1.8,9.7,13.5,2025-10-09 19:52:46.348,b827eb0fae5c_20251009_02,POINT (8.994667 52.281086),,57.1,,103.45,16.54,22.58,1019.88,42.56,,,,true
11939,2.1,8.6,13.5,2025-10-09 19:53:09.904,b827eb0fae5c_20251009_02,POINT (8.995739 52.280434),,56.2,,154.63,21.11,22.6,1019.85,42.5,,,,true
11940,1.65,5.7,13.5,2025-10-09 19:53:43.104,b827eb0fae5c_20251009_02,POINT (8.997535 52.279646),,50.4,,105.04,21.12,22.54,1020.1949999999999,42.51,,,,true
11941,1.7,5.0,13.44,2025-10-09 19:54:16.603,b827eb0fae5c_20251009_02,POINT (9.000485 52.278168),,46.85,,149.0,21.689999999999998,22.58,1020.36,42.59,,,,true
11942,2.2,7.7,13.38,2025-10-09 19:54:49.845,b827eb0fae5c_20251009_02,POINT (9.001176 52.276985),,38.6,,165.62,17.72,22.6,1020.38,42.39,,,,true
11943,2.2,6.4,13.38,2025-10-09 19:55:14.855,b827eb0fae5c_20251009_02,POINT (9.001435 52.27579),,39.7,,180.45,19.53,22.63,1020.42,42.39,,,,true
11975,1.5,5.9,13.44,2025-10-09 19:55:39.863,b827eb0fae5c_20251009_02,POINT (9.001943 52.274644),,41.6,,152.38,19.88,22.65,1020.42,42.25,,,,true
12047,9.8,19.9,13.25,2025-10-10 06:41:43.587,b827eb0fae5c_20251010_01,POINT (9.028882 52.264916),,57.6,,299.09,13.02,16.66,1021.64,66.12,,,,true
12049,9.6,21.2,13.19,2025-10-10 06:42:08.636,b827eb0fae5c_20251010_01,POINT (9.027288 52.265402),,55.8,,297.07,17.72,16.63,1021.75,66.25,,,,true
12050,12.100000000000001,22.6,13.059999999999999,2025-10-10 06:42:46.402,b827eb0fae5c_20251010_01,POINT (9.0243 52.266183),,54.900000000000006,,295.235,15.99,16.43,1021.885,66.925,,,,true
12051,11.6,22.4,13.0,2025-10-10 06:43:23.785,b827eb0fae5c_20251010_01,POINT (9.022754 52.26663),,53.8,,295.17,17.19,16.32,1021.97,67.43,,,,true
12052,11.6,24.6,12.94,2025-10-10 06:43:48.781,b827eb0fae5c_20251010_01,POINT (9.021203 52.267091),,53.4,,295.07,17.15,16.35,1022.11,67.54,,,,true
12053,11.2,22.0,12.94,2025-10-10 06:44:13.761,b827eb0fae5c_20251010_01,POINT (9.019643 52.267556),,55.0,,296.93,17.45,16.38,1022.14,67.4,,,,true
12054,11.5,23.4,12.94,2025-10-10 06:44:38.788,b827eb0fae5c_20251010_01,POINT (9.018083 52.268016),,53.6,,295.34,17.45,16.44,1022.18,67.27,,,,true
12055,11.8,20.2,12.94,2025-10-10 06:45:16.260,b827eb0fae5c_20251010_01,POINT (9.0148 52.269001),,56.2,,295.61,17.875,16.55,1022.315,66.91499999999999,,,,true
12056,10.8,21.6,12.94,2025-10-10 06:45:53.757,b827eb0fae5c_20251010_01,POINT (9.013264 52.269449),,55.4,,296.82,17.37,16.63,1022.39,66.71,,,,true
12057,10.7,21.5,12.94,2025-10-10 06:46:18.779,b827eb0fae5c_20251010_01,POINT (9.011609 52.269942),,57.5,,296.03,17.67,16.74,1022.45,66.11,,,,true
12058,11.3,22.1,12.94,2025-10-10 06:46:43.590,b827eb0fae5c_20251010_01,POINT (9.009873 52.270449),,54.8,,295.45,18.78,16.79,1022.53,66.14,,,,true
12059,12.9,24.7,12.88,2025-10-10 06:47:08.593,b827eb0fae5c_20251010_01,POINT (9.008211 52.271005),,53.2,,296.05,19.07,16.76,1022.58,66.35,,,,true
12060,12.9,23.450000000000003,12.94,2025-10-10 06:47:46.091,b827eb0fae5c_20251010_01,POINT (9.004756 52.271585),,55.0,,279.305,17.325,16.755000000000003,1022.645,65.93,,,,true
12061,11.9,24.3,12.88,2025-10-10 06:48:23.584,b827eb0fae5c_20251010_01,POINT (9.003015 52.271842),,58.1,,325.59,15.55,16.87,1022.73,65.71,,,,true
12062,12.2,23.5,12.88,2025-10-10 06:48:48.591,b827eb0fae5c_20251010_01,POINT (9.002642 52.273032),,54.1,,348.13,19.3,16.92,1022.86,65.62,,,,true
12063,12.6,23.3,12.81,2025-10-10 06:49:14.274,b827eb0fae5c_20251010_01,POINT (9.00217 52.274191),,50.6,,337.87,19.52,17.03,1022.73,65.01,,,,true
12064,12.5,25.0,12.81,2025-10-10 06:49:38.713,b827eb0fae5c_20251010_01,POINT (9.001492 52.275235),,47.0,,341.36,18.57,17.07,1022.74,64.84,,,,true
12065,13.100000000000001,26.85,12.719999999999999,2025-10-10 06:50:16.276,b827eb0fae5c_20251010_01,POINT (9.000927 52.27752),,46.099999999999994,,347.28999999999996,18.55,17.155,1022.72,64.485,,,,true
12066,13.4,29.6,12.69,2025-10-10 06:50:53.723,b827eb0fae5c_20251010_01,POINT (9.000516 52.278604),,46.0,,355.02,15.12,17.27,1022.7,63.92,,,,true
12067,13.3,31.7,12.62,2025-10-10 06:51:18.773,b827eb0fae5c_20251010_01,POINT (8.999147 52.279355),,45.4,,311.49,16.3,17.37,1022.52,63.96,,,,true
12068,13.0,24.4,12.69,2025-10-10 06:51:43.777,b827eb0fae5c_20251010_01,POINT (8.997631 52.279642),,45.6,,278.64,16.58,17.41,1022.48,63.48,,,,true
12069,13.1,25.2,12.69,2025-10-10 06:52:08.778,b827eb0fae5c_20251010_01,POINT (8.996282 52.280095),,45.9,,308.69,14.86,17.44,1022.35,63.52,,,,true
12070,13.5,28.25,12.625,2025-10-10 06:52:46.273,b827eb0fae5c_20251010_01,POINT (8.9937 52.281093),,47.05,,295.28499999999997,16.855,17.585,1022.24,63.019999999999996,,,,true
12071,14.2,26.5,12.56,2025-10-10 06:53:23.775,b827eb0fae5c_20251010_01,POINT (8.991657 52.281458),,43.3,,285.84,19.89,17.63,1022.54,62.88,,,,true
12072,13.1,25.6,12.56,2025-10-10 06:53:48.782,b827eb0fae5c_20251010_01,POINT (8.989833 52.281909),,39.8,,293.88,18.18,17.64,1022.7,62.84,,,,true
12073,13.4,23.8,12.56,2025-10-10 06:54:13.775,b827eb0fae5c_20251010_01,POINT (8.988178 52.282355),,42.7,,307.05,15.88,17.63,1022.78,62.76,,,,true
12074,12.2,24.4,12.56,2025-10-10 06:54:38.777,b827eb0fae5c_20251010_01,POINT (8.986751 52.282795),,41.9,,297.64,15.59,17.5,1022.76,63.03,,,,true
12075,12.2,26.45,12.59,2025-10-10 06:55:16.271,b827eb0fae5c_20251010_01,POINT (8.983775 52.283729),,41.849999999999994,,300.95500000000004,15.905000000000001,17.564999999999998,1022.835,63.04,,,,true
12076,11.4,29.2,12.38,2025-10-10 06:55:53.767,b827eb0fae5c_20251010_01,POINT (8.982454 52.28371),,44.4,,237.52,14.63,17.47,1022.78,63.18,,,,true
12104,13.3,28.9,12.62,2025-10-10 06:56:18.821,b827eb0fae5c_20251010_01,POINT (8.981153 52.283259),,55.0,,241.69,14.85,17.36,1022.74,64.76,,,,true
12105,11.1,21.2,12.5,2025-10-10 07:00:26.924,b827eb0fae5c_20251010_02,,,,,,,17.97,1022.68,61.62,,,,true
12106,11.2,25.5,12.5,2025-10-10 07:07:45.859,b827eb0fae5c_20251010_03,POINT (8.950511 52.285735),,47.4,,203.49,3.3449999999999998,18.38,1022.69,60.89,,,,true
12107,11.4,28.1,12.56,2025-10-10 07:08:13.730,b827eb0fae5c_20251010_03,POINT (8.950484 52.285678),,43.4,,,1.49,18.53,1022.68,60.11,,,,true
12108,13.0,31.9,12.56,2025-10-10 07:08:38.796,b827eb0fae5c_20251010_03,POINT (8.950372 52.285268),,48.9,,183.36,11.33,18.58,1022.69,59.44,,,,true
12109,14.399999999999999,27.35,12.469999999999999,2025-10-10 07:09:16.329,b827eb0fae5c_20251010_03,POINT (8.948484 52.28511),,51.8,,268.105,14.4,18.064999999999998,1022.7,60.724999999999994,,,,true
12110,13.8,31.0,12.44,2025-10-10 07:09:53.723,b827eb0fae5c_20251010_03,POINT (8.947353 52.285617),,53.8,,310.68,13.76,17.7,1022.69,61.78,,,,true
12142,14.0,27.8,12.44,2025-10-10 07:10:18.723,b827eb0fae5c_20251010_03,POINT (8.946095 52.286247),,53.5,,310.89,16.34,17.6,1022.75,62.4,,,,true
12143,14.3,26.1,12.44,2025-10-10 07:10:43.719,b827eb0fae5c_20251010_03,POINT (8.944743 52.286907),,53.4,,311.2,16.63,17.39,1022.7,63.19,,,,true
12368,2.3,4.0,13.38,2025-10-21 18:36:13.758,b827eb0fae5c_20251021_01,POINT (9.002381 52.273831),,57.75,,160.885,19.64,16.925,991.515,61.565,,,,true
12369,2.6,5.9,13.44,2025-10-21 18:36:51.244,b827eb0fae5c_20251021_01,POINT (9.002733 52.27275),,59.4,,175.66,17.04,16.86,991.47,61.85,,,,true
12370,2.4,4.8,13.5,2025-10-21 18:37:16.253,b827eb0fae5c_20251021_01,POINT (9.00297 52.271733),,53.8,,168.78,16.03,16.82,991.3,62.01,,,,true
12371,2.5,6.4,13.44,2025-10-21 18:37:41.250,b827eb0fae5c_20251021_01,POINT (9.004715 52.271504),,47.4,,100.26,18.37,16.96,991.3,61.4,,,,true
12372,2.6,6.7,13.44,2025-10-21 18:38:06.254,b827eb0fae5c_20251021_01,POINT (9.006822 52.271343),,38.2,,108.95,21.52,16.97,991.32,61.46,,,,true
12373,2.1500000000000004,3.8000000000000003,13.41,2025-10-21 18:38:43.744,b827eb0fae5c_20251021_01,POINT (9.009964 52.270448),,40.25,,113.64,18.36,17.005,991.26,61.465,,,,true
12374,2.6,5.2,13.25,2025-10-21 18:39:21.266,b827eb0fae5c_20251021_01,POINT (9.011548 52.269971),,37.1,,111.36,17.24,17.04,991.13,61.19,,,,true
12375,2.6,5.4,13.38,2025-10-21 18:39:46.505,b827eb0fae5c_20251021_01,POINT (9.012988 52.269626),,40.9,,,14.15,16.98,991.12,61.2,,,,true
12376,2.2,4.4,13.31,2025-10-21 18:40:13.748,b827eb0fae5c_20251021_01,,,,,,,17.01,991.02,61.26,,,,true
12377,2.6,5.6,13.19,2025-10-21 18:40:36.245,b827eb0fae5c_20251021_01,POINT (9.015964 52.268672),,46.9,,115.05,17.98,16.97,990.99,61.53,,,,true
12378,2.75,7.0,13.219999999999999,2025-10-21 18:41:13.752,b827eb0fae5c_20251021_01,POINT (9.01915 52.26774),,40.95,,115.73,16.439999999999998,16.995,990.875,61.615,,,,true
12379,2.2,5.0,13.25,2025-10-21 18:41:51.260,b827eb0fae5c_20251021_01,POINT (9.020672 52.26732),,42.3,,112.52,16.08,16.91,990.8,61.39,,,,true
12380,1.8,4.2,13.25,2025-10-21 18:42:16.240,b827eb0fae5c_20251021_01,POINT (9.022259 52.266824),,42.8,,,15.75,16.93,990.7,61.61,,,,true
12381,2.0,4.8,13.25,2025-10-21 18:42:41.266,b827eb0fae5c_20251021_01,POINT (9.023793 52.266349),,57.0,,118.2,16.16,16.94,990.65,61.71,,,,true
12382,2.1,4.0,13.31,2025-10-21 18:43:06.263,b827eb0fae5c_20251021_01,POINT (9.025307 52.265905),,57.8,,112.83,17.08,16.98,990.61,61.59,,,,true
12407,2.2,4.85,13.375,2025-10-21 18:43:42.031,b827eb0fae5c_20251021_01,POINT (9.026988 52.265332),,55.9,,126.58,16.21,17.08,990.49,61.08,,,,true
12408,,,,2025-10-21 18:44:00.934,b827eb0fae5c_20251021_01,POINT (9.028722 52.264978),,51.2,,,14.69,,,,,,,true
12425,3.1,4.8,11.81,2025-10-22 06:13:44.532,b827eb0fae5c_20251022_01,POINT (9.00983 52.270398),,41.8,,295.2,18.22,14.68,990.66,69.8,,,,true
12426,3.5,6.3,11.69,2025-10-22 06:14:09.524,b827eb0fae5c_20251022_01,POINT (9.008175 52.270983),,44.3,,299.82,19.22,14.67,990.82,69.94,,,,true
12427,2.8,5.6,11.81,2025-10-22 06:14:45.207,b827eb0fae5c_20251022_01,POINT (9.006388 52.271455),,39.1,,286.59,20.34,14.655000000000001,990.755,69.655,,,,true
12428,2.9,6.9,11.81,2025-10-22 06:15:20.768,b827eb0fae5c_20251022_01,,,,,,,14.68,990.92,69.8,,,,true
12457,3.3,8.4,11.75,2025-10-22 06:15:48.596,b827eb0fae5c_20251022_01,,,,,,,14.65,991.01,70.37,,,,true
12458,2.45,5.1,12.12,2025-10-22 06:17:42.499,b827eb0fae5c_20251022_01,,,,,,,14.934999999999999,990.835,69.485,,,,true
12459,2.3,5.1,12.25,2025-10-22 06:18:16.416,b827eb0fae5c_20251022_01,,,,,,,15.0,990.66,69.27,,,,true
12490,2.1,5.5,12.31,2025-10-22 06:18:44.273,b827eb0fae5c_20251022_01,,,,,,,15.09,990.47,68.76,,,,true
12491,2.0,4.9,12.38,2025-10-22 06:19:12.690,b827eb0fae5c_20251022_01,,,,,,,15.27,990.52,68.42,,,,true
12492,2.1,5.5,12.75,2025-10-22 06:20:51.098,b827eb0fae5c_20251022_01,,,,,,,16.77,991.17,63.49,,,,true
12493,2.0,4.6,12.75,2025-10-22 06:21:14.748,b827eb0fae5c_20251022_01,,,,,,,16.91,991.22,63.05,,,,true
12494,2.6,5.8,12.44,2025-10-22 06:21:40.634,b827eb0fae5c_20251022_01,,,,,,,17.04,991.28,63.32,,,,true
12495,3.1,6.8,12.19,2025-10-22 06:24:19.818,b827eb0fae5c_20251022_01,POINT (8.980219 52.282824),,63.1,,241.68,14.399999999999999,17.15,991.15,63.23,,,,true
12496,2.4,4.9,12.06,2025-10-22 06:24:48.143,b827eb0fae5c_20251022_01,POINT (8.978545 52.282393),,42.0,,256.8,16.98,17.14,991.22,63.25,,,,true
12497,2.4,5.4,12.06,2025-10-22 06:25:13.135,b827eb0fae5c_20251022_01,POINT (8.976746 52.282003),,35.6,,254.67,17.31,17.11,991.21,62.98,,,,true
12498,2.2,4.3,12.06,2025-10-22 06:25:38.162,b827eb0fae5c_20251022_01,POINT (8.975082 52.281794),,17.7,,261.77,17.36,17.09,991.15,63.09,,,,true
12499,2.55,5.5,12.09,2025-10-22 06:26:13.914,b827eb0fae5c_20251022_01,POINT (8.973241 52.28133),,33.8,,250.68,18.9,17.115000000000002,991.16,63.3,,,,true
12500,2.3,5.7,12.06,2025-10-22 06:26:48.899,b827eb0fae5c_20251022_01,POINT (8.969867 52.280478),,30.9,,249.27,17.77,17.12,991.23,62.87,,,,true
12501,2.5,5.7,12.12,2025-10-22 06:27:18.150,b827eb0fae5c_20251022_01,POINT (8.968103 52.280046),,42.9,,250.54,15.6,17.07,991.17,62.99,,,,true
12502,2.8,6.4,12.06,2025-10-22 06:27:43.123,b827eb0fae5c_20251022_01,POINT (8.966434 52.279658),,44.8,,250.04,15.89,17.11,991.14,62.8,,,,true
12503,2.5,4.7,12.0,2025-10-22 06:28:08.147,b827eb0fae5c_20251022_01,POINT (8.964709 52.279238),,47.6,,245.82,20.87,17.01,991.18,62.71,,,,true
12504,2.65,4.8,12.06,2025-10-22 06:28:45.645,b827eb0fae5c_20251022_01,POINT (8.961804 52.27856),,43.1,,237.51999999999998,16.105,17.005,991.1600000000001,62.879999999999995,,,,true
12505,2.2,3.4,12.06,2025-10-22 06:29:23.151,b827eb0fae5c_20251022_01,POINT (8.96061 52.278775),,48.3,,312.94,15.94,17.22,991.11,62.44,,,,true
12506,2.5,6.3,12.0,2025-10-22 06:29:48.141,b827eb0fae5c_20251022_01,POINT (8.959397 52.279509),,47.4,,319.12,18.43,17.19,991.11,62.8,,,,true
12507,2.7,5.5,12.12,2025-10-22 06:30:13.147,b827eb0fae5c_20251022_01,POINT (8.958159 52.28027),,46.0,,316.62,19.7,17.16,991.21,62.65,,,,true
12508,2.4,5.0,12.19,2025-10-22 06:30:38.143,b827eb0fae5c_20251022_01,POINT (8.956921 52.281007),,44.6,,316.53,15.2,17.13,991.25,62.8,,,,true
12509,2.05,3.7,12.280000000000001,2025-10-22 06:31:15.653,b827eb0fae5c_20251022_01,POINT (8.954831 52.282144),,46.9,,306.21000000000004,13.265,17.32,991.0450000000001,62.245000000000005,,,,true
12510,2.1,4.9,12.31,2025-10-22 06:31:53.203,b827eb0fae5c_20251022_01,POINT (8.953577 52.282743),,46.8,,306.98,16.21,17.38,990.96,61.85,,,,true
12511,1.9,4.1,12.31,2025-10-22 06:32:18.162,b827eb0fae5c_20251022_01,POINT (8.952293 52.28334),,48.0,,305.51,16.55,17.38,991.0,61.76,,,,true
12512,2.0,5.3,12.38,2025-10-22 06:32:43.128,b827eb0fae5c_20251022_01,POINT (8.951003 52.283944),,49.0,,306.5,15.59,17.36,991.02,61.46,,,,true
12519,2.3,4.85,12.56,2025-10-22 06:36:15.645,b827eb0fae5c_20251022_02,POINT (8.947901 52.285434),,49.5,,306.925,16.095,18.355,991.045,58.705,,,,true
12520,1.9,3.8,12.5,2025-10-22 06:36:53.143,b827eb0fae5c_20251022_02,POINT (8.946608 52.286039),,55.3,,305.17,15.68,17.99,991.0,59.53,,,,true
12521,1.9,3.5,12.5,2025-10-22 06:37:18.159,b827eb0fae5c_20251022_02,POINT (8.945296 52.286637),,62.3,,309.75,14.51,17.74,991.05,60.71,,,,true
12522,1.9,4.6,12.5,2025-10-22 06:37:43.146,b827eb0fae5c_20251022_02,POINT (8.944387 52.287426),,48.8,,8.4,15.23,17.76,991.09,60.43,,,,true
12523,2.1,5.9,12.62,2025-10-22 06:38:08.165,b827eb0fae5c_20251022_02,POINT (8.944511 52.287777),,47.4,,,1.61,17.91,991.23,60.31,,,,true
12524,1.7999999999999998,3.3499999999999996,12.62,2025-10-22 06:38:45.654,b827eb0fae5c_20251022_02,POINT (8.943301 52.287207),,49.05,,186.23,6.465,18.19,991.11,59.56,,,,true
12525,1.9,4.6,12.62,2025-10-22 06:39:23.143,b827eb0fae5c_20251022_02,POINT (8.942887 52.287491),,56.7,,22.69,8.25,18.51,991.13,58.61,,,,true
12526,1.9,3.7,12.62,2025-10-22 06:39:48.151,b827eb0fae5c_20251022_02,POINT (8.942127 52.28807),,55.9,,308.17,14.14,18.41,991.18,58.53,,,,true
12527,2.0,5.4,12.56,2025-10-22 06:40:13.242,b827eb0fae5c_20251022_02,POINT (8.940866 52.288708),,59.1,,308.84,12.5,18.12,991.18,59.16,,,,true
12528,1.9,2.6,12.56,2025-10-22 06:40:38.164,b827eb0fae5c_20251022_02,POINT (8.938932 52.288993),,48.8,,272.03,19.42,17.82,991.45,60.19,,,,true
12529,2.1,4.15,12.59,2025-10-22 06:41:15.645,b827eb0fae5c_20251022_02,POINT (8.938749 52.289436),,45.25,,24.96,5.225,18.08,991.53,59.905,,,,true
12530,1.4,3.7,12.75,2025-10-22 06:41:53.155,b827eb0fae5c_20251022_02,POINT (8.938596 52.289397),,46.0,,213.58,8.73,18.26,991.5,59.63,,,,true
12531,1.8,3.4,12.69,2025-10-22 06:42:18.156,b827eb0fae5c_20251022_02,POINT (8.938068 52.289107),,46.1,,275.74,11.74,18.61,991.55,58.88,,,,true
12532,2.2,3.9,12.69,2025-10-22 06:42:43.144,b827eb0fae5c_20251022_02,POINT (8.936462 52.289142),,45.7,,274.62,17.7,18.34,991.55,58.81,,,,true
12533,2.3,7.2,12.75,2025-10-22 06:43:08.148,b827eb0fae5c_20251022_02,POINT (8.935706 52.289019),,46.2,,,0.75,18.39,991.69,58.98,,,,true
12534,1.9000000000000001,3.85,12.75,2025-10-22 06:43:45.658,b827eb0fae5c_20251022_02,POINT (8.9335 52.288866),,41.8,,254.79,17.285,18.58,991.91,58.47,,,,true
12535,2.4,4.6,12.69,2025-10-22 06:44:23.209,b827eb0fae5c_20251022_02,POINT (8.931488 52.289097),,43.0,,285.61,18.43,18.22,991.66,59.44,,,,true
12536,2.0,3.7,12.81,2025-10-22 06:44:48.172,b827eb0fae5c_20251022_02,POINT (8.929708 52.289409),,44.5,,280.56,21.33,18.13,991.43,59.32,,,,true
12537,1.9,3.5,12.81,2025-10-22 06:45:13.142,b827eb0fae5c_20251022_02,POINT (8.927762 52.289507),,43.9,,269.52,20.56,17.89,991.45,59.93,,,,true
12538,2.1,4.7,13.06,2025-10-22 06:45:38.139,b827eb0fae5c_20251022_02,POINT (8.925726 52.289621),,43.5,,279.03,18.72,17.71,991.52,60.54,,,,true
12539,1.7000000000000002,2.85,13.184999999999999,2025-10-22 06:46:15.649,b827eb0fae5c_20251022_02,POINT (8.92262 52.290222),,46.05,,138.165,16.055,17.645,991.315,60.745000000000005,,,,true
12540,1.6,2.7,13.25,2025-10-22 06:46:53.144,b827eb0fae5c_20251022_02,POINT (8.922471 52.291241),,45.1,,334.22,10.94,17.59,991.45,60.98,,,,true
12541,1.9,3.1,13.31,2025-10-22 06:47:18.187,b827eb0fae5c_20251022_02,POINT (8.922472 52.291306),,43.4,,,1.01,18.1,991.49,60.55,,,,true
12542,1.7,3.8,13.38,2025-10-22 06:47:43.135,b827eb0fae5c_20251022_02,POINT (8.921987 52.291633),,44.7,,308.76,10.29,18.37,991.49,58.98,,,,true
12543,2.1,4.7,13.44,2025-10-22 06:48:08.155,b827eb0fae5c_20251022_02,POINT (8.920745 52.292045),,43.5,,281.65,20.16,18.61,991.53,58.58,,,,true
12544,2.05,4.45,13.44,2025-10-22 06:48:45.643,b827eb0fae5c_20251022_02,POINT (8.919213 52.292316),,46.9,,,5.140000000000001,18.770000000000003,991.51,58.230000000000004,,,,true
12545,3.6,6.8,13.38,2025-10-22 06:49:23.159,b827eb0fae5c_20251022_02,POINT (8.918636 52.292471),,52.6,,,5.37,19.14,991.24,57.43,,,,true
12546,1.5,2.6,13.38,2025-10-22 06:49:48.149,b827eb0fae5c_20251022_02,POINT (8.917468 52.292698),,53.4,,309.41,7.05,19.15,991.32,56.98,,,,true
12547,1.4,3.2,13.38,2025-10-22 06:50:13.130,b827eb0fae5c_20251022_02,POINT (8.916837 52.293135),,58.1,,,4.24,19.32,991.03,56.39,,,,true
12548,1.7,2.9,13.44,2025-10-22 06:50:38.154,b827eb0fae5c_20251022_02,POINT (8.916373 52.293297),,60.3,,,3.57,19.52,990.57,56.02,,,,true
12549,1.6,2.9,13.44,2025-10-22 06:51:15.634,b827eb0fae5c_20251022_02,POINT (8.915538 52.293685),,55.8,,300.25,7.855,19.84,990.2950000000001,55.42,,,,true
12550,1.8,3.8,13.44,2025-10-22 06:51:53.148,b827eb0fae5c_20251022_02,POINT (8.914799 52.293427),,60.2,,234.23,10.68,20.03,990.06,54.99,,,,true
12551,1.8,3.8,13.31,2025-10-22 06:52:18.146,b827eb0fae5c_20251022_02,POINT (8.91347 52.293029),,56.9,,273.31,14.8,19.94,990.03,54.55,,,,true
12552,1.4,3.7,13.19,2025-10-22 06:52:43.137,b827eb0fae5c_20251022_02,POINT (8.912176 52.293353),,53.1,,348.67,10.79,19.82,990.08,54.79,,,,true
12553,1.4,3.1,13.25,2025-10-22 06:53:08.145,b827eb0fae5c_20251022_02,POINT (8.9113 52.294125),,55.0,,337.9,15.99,19.71,990.07,54.98,,,,true
12554,1.5,4.1,13.280000000000001,2025-10-22 06:53:45.661,b827eb0fae5c_20251022_02,POINT (8.909335 52.29528),,102.80000000000001,,314.03,12.59,19.79,990.075,54.695,,,,true
12555,1.5,3.2,13.19,2025-10-22 06:54:23.153,b827eb0fae5c_20251022_02,POINT (8.908647 52.296152),,61.6,,324.43,16.67,19.52,990.1,54.77,,,,true
12556,1.6,3.0,13.19,2025-10-22 06:54:48.152,b827eb0fae5c_20251022_02,POINT (8.90731 52.296608),,52.8,,300.77,13.55,19.25,990.09,55.47,,,,true
12557,1.6,2.7,13.19,2025-10-22 06:55:13.152,b827eb0fae5c_20251022_02,POINT (8.905955 52.29706),,53.0,,298.0,15.32,19.11,990.01,56.05,,,,true
12580,1.7,3.0,13.19,2025-10-22 06:55:38.140,b827eb0fae5c_20251022_02,POINT (8.904989 52.297332),,51.9,,,2.59,19.09,990.17,56.37,,,,true
12633,1.3,4.5,10.69,2025-10-24 19:32:16.870,b827eb0fae5c_20251024_01,POINT (8.944196 52.28907),,38.8,,92.05,17.87,17.4,994.23,39.16,,,,true
12634,1.7,6.4,10.69,2025-10-24 19:32:41.886,b827eb0fae5c_20251024_01,POINT (8.945849 52.28889),,40.1,,100.99,16.16,17.35,994.04,38.96,,,,true
12635,1.2,7.0,10.62,2025-10-24 19:33:06.870,b827eb0fae5c_20251024_01,POINT (8.947689 52.288677),,40.8,,101.54,19.33,17.3,994.24,39.48,,,,true
12636,1.5499999999999998,4.6,10.59,2025-10-24 19:33:44.374,b827eb0fae5c_20251024_01,POINT (8.951697 52.288256),,40.75,,99.31,19.59,17.345,994.23,39.260000000000005,,,,true
12637,1.2,4.6,10.69,2025-10-24 19:34:21.868,b827eb0fae5c_20251024_01,POINT (8.953571 52.287946),,41.3,,109.32,18.65,17.37,994.08,39.09,,,,true
12638,1.2,4.7,10.69,2025-10-24 19:34:46.889,b827eb0fae5c_20251024_01,POINT (8.955518 52.287858),,44.2,,87.15,19.91,17.38,994.11,38.84,,,,true
12639,1.7,6.2,10.69,2025-10-24 19:35:11.885,b827eb0fae5c_20251024_01,POINT (8.957597 52.287904),,42.8,,95.9,20.16,17.4,994.1,38.96,,,,true
12640,1.5,6.7,10.69,2025-10-24 19:35:36.905,b827eb0fae5c_20251024_01,POINT (8.959682 52.287716),,44.7,,84.98,20.66,17.35,994.14,38.99,,,,true
12641,1.5499999999999998,5.800000000000001,10.75,2025-10-24 19:36:14.375,b827eb0fae5c_20251024_01,POINT (8.964082 52.288009),,42.599999999999994,,88.005,20.799999999999997,17.39,994.29,39.010000000000005,,,,true
12642,1.2,3.7,10.75,2025-10-24 19:36:51.887,b827eb0fae5c_20251024_01,POINT (8.965682 52.287911),,41.6,,93.48,16.61,17.49,994.29,38.64,,,,true
12643,1.3,6.5,10.69,2025-10-24 19:37:16.880,b827eb0fae5c_20251024_01,POINT (8.967437 52.287824),,45.2,,91.43,17.21,17.44,994.18,38.86,,,,true
12644,1.3,3.9,10.69,2025-10-24 19:37:41.907,b827eb0fae5c_20251024_01,POINT (8.96921 52.287854),,43.4,,84.89,18.64,17.33,994.12,39.55,,,,true
12645,1.4,6.2,10.62,2025-10-24 19:38:06.914,b827eb0fae5c_20251024_01,POINT (8.97134 52.287931),,43.6,,86.82,20.84,17.15,994.22,40.52,,,,true
12646,1.4,5.3,10.405000000000001,2025-10-24 19:38:44.390,b827eb0fae5c_20251024_01,POINT (8.975613 52.288136),,43.25,,85.69,20.91,17.08,994.19,40.745000000000005,,,,true
12647,1.3,3.5,10.31,2025-10-24 19:39:21.898,b827eb0fae5c_20251024_01,POINT (8.977342 52.288214),,47.8,,84.72,11.34,17.11,993.67,40.72,,,,true
12648,1.5,5.7,10.38,2025-10-24 19:39:46.872,b827eb0fae5c_20251024_01,POINT (8.97823 52.288053),,48.7,,142.88,10.54,17.16,993.43,41.67,,,,true
12649,1.7,5.5,10.5,2025-10-24 19:40:11.887,b827eb0fae5c_20251024_01,POINT (8.979546 52.286808),,45.3,,146.25,21.89,16.87,994.03,43.3,,,,true
12650,1.5,5.2,10.62,2025-10-24 19:40:36.887,b827eb0fae5c_20251024_01,POINT (8.980571 52.285866),,46.5,,137.07,14.49,16.63,993.98,43.62,,,,true
12651,1.2999999999999998,5.25,10.625,2025-10-24 19:41:14.387,b827eb0fae5c_20251024_01,POINT (8.982826 52.284198),,44.7,,139.215,16.5,16.485,994.135,43.665,,,,true
12652,1.5,7.1,10.5,2025-10-24 19:41:51.866,b827eb0fae5c_20251024_01,POINT (8.984359 52.283599),,42.3,,117.33,18.46,16.39,994.21,42.71,,,,true
12653,1.5,5.6,10.44,2025-10-24 19:42:16.881,b827eb0fae5c_20251024_01,POINT (8.986 52.283097),,42.7,,117.28,18.41,16.34,994.06,42.29,,,,true
12654,1.4,5.8,10.38,2025-10-24 19:42:41.881,b827eb0fae5c_20251024_01,POINT (8.987716 52.282576),,43.3,,115.36,19.23,16.21,994.05,42.45,,,,true
12655,1.4,5.0,10.38,2025-10-24 19:43:06.882,b827eb0fae5c_20251024_01,POINT (8.989394 52.282049),,42.9,,115.7,17.43,16.04,994.07,42.36,,,,true
12656,1.55,5.449999999999999,10.31,2025-10-24 19:43:44.388,b827eb0fae5c_20251024_01,POINT (8.992738 52.281253),,43.400000000000006,,108.83500000000001,17.585,16.225,993.865,42.41,,,,true
12657,1.6,6.5,10.31,2025-10-24 19:44:21.897,b827eb0fae5c_20251024_01,POINT (8.994361 52.280971),,46.0,,105.63,16.02,16.37,993.6,42.08,,,,true
12658,1.4,4.8,10.25,2025-10-24 19:44:46.871,b827eb0fae5c_20251024_01,POINT (8.99566 52.280546),,48.2,,152.75,13.81,16.46,993.48,41.47,,,,true
12659,1.4,5.1,10.31,2025-10-24 19:45:11.900,b827eb0fae5c_20251024_01,POINT (8.996965 52.279759),,47.3,,124.11,18.56,16.49,993.74,41.4,,,,true
12660,1.2,4.1,10.31,2025-10-24 19:45:36.928,b827eb0fae5c_20251024_01,POINT (8.998935 52.279461),,46.5,,109.63,18.77,16.46,993.9,41.45,,,,true
12661,1.85,6.5,10.19,2025-10-24 19:46:14.390,b827eb0fae5c_20251024_01,POINT (9.000879 52.27758),,44.5,,156.09,17.075000000000003,16.375,994.025,41.730000000000004,,,,true
12662,1.5,5.9,10.25,2025-10-24 19:46:51.882,b827eb0fae5c_20251024_01,POINT (9.001358 52.276458),,44.8,,169.34,17.78,16.32,994.09,41.49,,,,true
12663,1.7,9.4,10.25,2025-10-24 19:47:16.881,b827eb0fae5c_20251024_01,POINT (9.00144 52.275437),,48.1,,173.32,16.18,16.25,994.16,41.8,,,,true
12664,1.6,4.4,10.31,2025-10-24 19:47:41.882,b827eb0fae5c_20251024_01,POINT (9.002099 52.274371),,45.6,,161.62,16.73,16.28,994.0,41.79,,,,true
12665,1.6,5.7,10.25,2025-10-24 19:48:06.876,b827eb0fae5c_20251024_01,POINT (9.002675 52.273392),,44.5,,171.98,17.1,16.28,994.1,41.65,,,,true
12666,1.7,6.3,10.31,2025-10-24 19:48:44.388,b827eb0fae5c_20251024_01,POINT (9.003715 52.271622),,45.349999999999994,,133.96,15.83,16.29,994.0350000000001,41.72,,,,true
12667,1.5,5.9,10.25,2025-10-24 19:49:21.894,b827eb0fae5c_20251024_01,POINT (9.00574 52.271497),,45.0,,95.03,19.74,16.39,993.84,41.92,,,,true
12668,1.3,4.4,10.25,2025-10-24 19:49:46.873,b827eb0fae5c_20251024_01,POINT (9.00757 52.271113),,44.8,,115.56,17.45,16.38,993.85,41.58,,,,true
12669,1.5,4.8,10.19,2025-10-24 19:50:11.897,b827eb0fae5c_20251024_01,POINT (9.009169 52.270629),,44.7,,116.15,17.9,16.31,993.89,42.27,,,,true
12670,1.6,5.3,10.19,2025-10-24 19:50:36.891,b827eb0fae5c_20251024_01,POINT (9.010722 52.270173),,45.6,,115.31,16.93,16.33,993.75,42.28,,,,true
12671,1.55,6.6,10.059999999999999,2025-10-24 19:51:14.395,b827eb0fae5c_20251024_01,POINT (9.013796 52.269269),,45.8,,114.205,16.49,16.1,993.675,42.61,,,,true
12672,1.2,4.7,9.81,2025-10-24 19:51:51.886,b827eb0fae5c_20251024_01,POINT (9.015302 52.26883),,45.8,,113.13,17.26,16.15,993.5,42.7,,,,true
12673,1.3,3.4,9.75,2025-10-24 19:52:16.885,b827eb0fae5c_20251024_01,POINT (9.016877 52.268364),,48.8,,114.61,16.44,15.93,993.46,43.07,,,,true
12674,1.5,4.8,9.69,2025-10-24 19:52:41.882,b827eb0fae5c_20251024_01,POINT (9.018514 52.267879),,48.9,,115.98,17.26,15.78,993.45,43.65,,,,true
12675,1.4,4.6,9.75,2025-10-24 19:53:06.886,b827eb0fae5c_20251024_01,POINT (9.020074 52.267419),,49.7,,116.18,17.27,15.57,993.31,43.67,,,,true
12676,1.2999999999999998,4.2,9.719999999999999,2025-10-24 19:53:44.391,b827eb0fae5c_20251024_01,POINT (9.023352 52.266448),,50.35,,115.33500000000001,18.11,15.515,993.215,44.06,,,,true
12677,1.3,5.0,9.62,2025-10-24 19:54:21.901,b827eb0fae5c_20251024_01,POINT (9.025005 52.265966),,50.8,,115.99,17.57,15.53,993.12,44.26,,,,true
12678,1.4,5.3,9.75,2025-10-24 19:54:46.878,b827eb0fae5c_20251024_01,POINT (9.026649 52.265535),,51.9,,122.83,16.68,15.69,993.08,43.89,,,,true
12679,1.7,6.4,9.88,2025-10-24 19:55:11.897,b827eb0fae5c_20251024_01,POINT (9.02798 52.265068),,49.4,,116.85,14.65,15.7,992.96,43.67,,,,true
12711,10.6,16.8,9.19,2025-10-24 19:59:38.571,b827eb0fae5c_20251024_02,,,,,,,15.01,997.12,52.1,,,,true
12712,12.55,18.0,8.875,2025-10-24 20:00:12.660,b827eb0fae5c_20251024_02,,,,,,,14.765,997.285,52.385000000000005,,,,true
12743,12.1,19.8,8.69,2025-10-24 20:00:46.725,b827eb0fae5c_20251024_02,,,,,,,14.64,997.43,52.38,,,,true
12744,11.7,17.3,8.25,2025-10-24 20:02:42.609,b827eb0fae5c_20251024_02,,,,,,,12.61,997.77,59.39,,,,true
12745,12.3,18.8,8.25,2025-10-24 20:03:16.494,b827eb0fae5c_20251024_02,,,,,,,12.33,997.87,60.27,,,,true
12746,9.3,16.7,8.25,2025-10-24 20:03:44.286,b827eb0fae5c_20251024_02,,,,,,,12.36,997.96,59.82,,,,true
12747,11.5,20.3,8.19,2025-10-24 20:04:12.769,b827eb0fae5c_20251024_02,,,,,,,12.26,998.0,61.05,,,,true
12748,12.3,19.0,8.19,2025-10-24 20:04:37.790,b827eb0fae5c_20251024_02,,,,,,,12.33,998.06,61.33,,,,true
12749,12.600000000000001,22.35,8.31,2025-10-24 20:05:12.404,b827eb0fae5c_20251024_02,,,,,,,12.705,998.145,60.155,,,,true
12750,13.8,20.3,8.31,2025-10-24 20:05:46.519,b827eb0fae5c_20251024_02,,,,,,,12.8,998.2,60.07,,,,true
12751,14.8,20.0,8.31,2025-10-28 06:13:51.071,b827eb0fae5c_20251028_01,POINT (9.004676 52.27155),,55.1,,278.28,18.96,12.81,998.22,60.0,,,,true
12752,15.2,21.1,8.25,2025-10-28 06:14:19.984,b827eb0fae5c_20251028_01,POINT (9.002955 52.271846),,51.8,,339.79,19.14,12.86,998.32,60.12,,,,true
12753,15.5,23.9,8.31,2025-10-28 06:14:44.995,b827eb0fae5c_20251028_01,POINT (9.002754 52.273208),,47.6,,355.09,20.76,12.92,998.49,60.17,,,,true
12754,14.5,19.6,8.25,2025-10-28 06:15:09.995,b827eb0fae5c_20251028_01,POINT (9.002123 52.274454),,35.1,,338.22,21.14,13.01,998.43,59.87,,,,true
12755,16.1,23.05,8.25,2025-10-28 06:15:43.274,b827eb0fae5c_20251028_01,POINT (9.001503 52.275674),,36.8,,356.48,21.04,13.315,998.4,59.099999999999994,,,,true
12756,16.0,21.8,8.219999999999999,2025-10-28 06:16:16.738,b827eb0fae5c_20251028_01,POINT (9.000565 52.278147),,42.900000000000006,,345.345,20.115000000000002,13.62,998.4,57.97,,,,true
12757,17.0,25.4,8.12,2025-10-28 06:16:49.975,b827eb0fae5c_20251028_01,POINT (8.999805 52.27904),,43.3,,309.3,17.96,13.67,998.34,58.25,,,,true
12758,18.2,26.2,8.12,2025-10-28 06:17:15.012,b827eb0fae5c_20251028_01,POINT (8.998403 52.279561),,47.6,,282.43,15.91,13.72,998.16,58.02,,,,true
12759,17.6,24.2,8.12,2025-10-28 06:17:39.987,b827eb0fae5c_20251028_01,POINT (8.996825 52.279849),,51.9,,304.12,14.95,13.79,998.12,57.9,,,,true
12760,16.15,25.2,8.12,2025-10-28 06:18:13.540,b827eb0fae5c_20251028_01,POINT (8.995717 52.280536),,54.2,,338.29,12.61,14.004999999999999,997.74,57.075,,,,true
12761,15.4,29.3,8.19,2025-10-28 06:18:46.734,b827eb0fae5c_20251028_01,POINT (8.994713 52.280948),,54.15,,286.4,9.195,14.36,997.89,56.23,,,,true
12762,18.3,26.5,8.19,2025-10-28 06:19:20.005,b827eb0fae5c_20251028_01,POINT (8.992809 52.281325),,42.0,,285.24,21.81,14.38,998.24,56.0,,,,true
12763,19.1,28.2,8.19,2025-10-28 06:19:45.002,b827eb0fae5c_20251028_01,POINT (8.990907 52.281724),,35.8,,297.82,18.9,14.44,998.37,55.96,,,,true
12764,17.8,27.6,8.19,2025-10-28 06:20:10.003,b827eb0fae5c_20251028_01,POINT (8.989205 52.282238),,33.2,,296.08,19.27,14.39,998.45,56.22,,,,true
12765,15.55,22.35,8.25,2025-10-28 06:20:43.275,b827eb0fae5c_20251028_01,POINT (8.987597 52.282635),,32.1,,299.94,15.95,14.24,998.465,56.465,,,,true
12766,15.5,21.3,8.25,2025-10-28 06:21:16.737,b827eb0fae5c_20251028_01,POINT (8.984335 52.28356),,34.900000000000006,,296.43,17.6,14.02,998.6,56.96,,,,true
12767,15.0,23.2,8.25,2025-10-28 06:21:49.985,b827eb0fae5c_20251028_01,POINT (8.982837 52.283843),,40.1,,238.68,14.74,14.01,998.51,57.41,,,,true
12768,17.9,26.4,8.25,2025-10-28 06:22:14.999,b827eb0fae5c_20251028_01,POINT (8.981504 52.283349),,45.2,,238.25,15.1,14.07,998.54,57.37,,,,true
12769,18.9,28.3,8.25,2025-10-28 06:22:40.000,b827eb0fae5c_20251028_01,POINT (8.9802 52.282812),,49.2,,232.97,12.16,14.15,998.38,57.5,,,,true
12770,20.5,29.1,8.19,2025-10-28 06:23:13.280,b827eb0fae5c_20251028_01,POINT (8.978589 52.282268),,54.8,,250.74,18.04,14.19,998.415,57.875,,,,true
12771,19.4,28.6,8.25,2025-10-28 06:23:46.741,b827eb0fae5c_20251028_01,POINT (8.975169 52.281563),,61.6,,253.29,16.665,14.25,998.38,57.63,,,,true
12772,17.9,26.9,8.25,2025-10-28 06:24:19.986,b827eb0fae5c_20251028_01,POINT (8.973391 52.281195),,65.5,,251.62,16.48,14.27,998.36,57.37,,,,true
12773,19.5,26.7,8.12,2025-10-28 06:24:45.008,b827eb0fae5c_20251028_01,POINT (8.971858 52.280898),,67.6,,247.77,16.47,14.29,998.32,57.07,,,,true
12774,18.3,24.7,8.12,2025-10-28 06:25:10.017,b827eb0fae5c_20251028_01,POINT (8.970238 52.2805),,62.0,,245.23,15.44,14.24,998.42,56.96,,,,true
12775,18.700000000000003,24.9,8.19,2025-10-28 06:25:43.249,b827eb0fae5c_20251028_01,POINT (8.968737 52.28016),,55.8,,244.98,15.59,14.26,998.335,56.900000000000006,,,,true
12776,17.6,25.9,8.25,2025-10-28 06:26:16.733,b827eb0fae5c_20251028_01,POINT (8.965775 52.279486),,53.95,,248.125,16.065,14.25,998.27,56.72,,,,true
12777,18.9,25.8,8.25,2025-10-28 06:26:49.984,b827eb0fae5c_20251028_01,POINT (8.964185 52.279184),,51.2,,264.84,16.66,14.23,998.21,57.28,,,,true
12778,17.6,24.6,8.25,2025-10-28 06:27:15.000,b827eb0fae5c_20251028_01,POINT (8.962591 52.279051),,48.6,,244.25,11.57,14.22,998.14,57.33,,,,true
12779,19.2,27.2,8.19,2025-10-28 06:27:39.993,b827eb0fae5c_20251028_01,POINT (8.961673 52.278432),,49.8,,218.0,13.14,14.27,998.13,57.17,,,,true
12780,17.45,26.65,8.19,2025-10-28 06:28:13.270,b827eb0fae5c_20251028_01,POINT (8.960431 52.278838),,52.2,,313.77,14.84,14.335,998.125,57.19,,,,true
12781,15.5,25.2,8.25,2025-10-28 06:28:46.738,b827eb0fae5c_20251028_01,POINT (8.958295 52.280195),,48.599999999999994,,316.51,8.965,14.44,998.05,56.63,,,,true
12782,16.2,26.8,8.31,2025-10-28 06:29:19.985,b827eb0fae5c_20251028_01,POINT (8.957572 52.280635),,48.1,,315.94,16.08,14.61,998.19,56.41,,,,true
12783,17.1,24.1,8.31,2025-10-28 06:29:44.994,b827eb0fae5c_20251028_01,,,,,,,14.59,998.15,56.59,,,,true
12784,17.4,26.0,8.38,2025-10-28 06:30:10.011,b827eb0fae5c_20251028_01,POINT (8.954842 52.281166),,173.7,,309.98,13.38,14.56,997.99,56.5,,,,true
12785,16.950000000000003,23.6,8.38,2025-10-28 06:30:43.253,b827eb0fae5c_20251028_01,POINT (8.954161 52.282128),,96.9,,306.15,14.51,14.48,997.875,56.765,,,,true
12786,17.8,27.2,8.41,2025-10-28 06:31:16.733,b827eb0fae5c_20251028_01,POINT (8.951757 52.283474),,78.8,,309.11,16.07,14.45,997.9,56.82,,,,true
12787,16.6,23.7,8.44,2025-10-28 06:31:49.996,b827eb0fae5c_20251028_01,POINT (8.950513 52.284123),,64.4,,311.39,14.22,14.51,997.82,56.75,,,,true
12788,16.9,25.4,8.44,2025-10-28 06:32:14.969,b827eb0fae5c_20251028_01,POINT (8.949205 52.284794),,57.3,,309.83,16.15,14.52,997.95,56.37,,,,true
12789,16.0,22.3,8.44,2025-10-28 06:32:39.981,b827eb0fae5c_20251028_01,POINT (8.947975 52.285355),,52.1,,308.71,16.55,14.5,997.9,56.58,,,,true
12790,16.05,25.4,8.5,2025-10-28 06:33:13.287,b827eb0fae5c_20251028_01,POINT (8.94662 52.285968),,50.8,,302.15,15.49,14.55,997.865,56.575,,,,true
12791,16.2,24.8,8.44,2025-10-28 06:33:46.752,b827eb0fae5c_20251028_01,POINT (8.943824 52.287219),,55.35,,305.01,16.36,14.43,997.99,56.68,,,,true
12792,17.4,25.1,8.44,2025-10-28 06:34:19.997,b827eb0fae5c_20251028_01,POINT (8.942319 52.287965),,55.5,,306.69,17.93,14.39,998.05,57.02,,,,true
12793,16.4,25.1,8.5,2025-10-28 06:34:45.006,b827eb0fae5c_20251028_01,POINT (8.940863 52.288615),,55.9,,304.59,17.51,14.34,997.97,57.17,,,,true
12794,16.5,26.5,8.5,2025-10-28 06:35:10.002,b827eb0fae5c_20251028_01,POINT (8.939945 52.28888),,56.3,,,0.37,14.48,998.09,56.64,,,,true
12795,15.65,27.55,8.62,2025-10-28 06:35:43.269,b827eb0fae5c_20251028_01,POINT (8.939937 52.288916),,54.4,,,0.13,15.02,998.185,55.415,,,,true
12796,16.8,29.1,8.62,2025-10-28 06:36:16.747,b827eb0fae5c_20251028_01,POINT (8.938798 52.289277),,50.0,,294.455,12.559999999999999,15.07,998.3,55.33,,,,true
12797,16.1,25.7,8.62,2025-10-28 06:36:49.996,b827eb0fae5c_20251028_01,POINT (8.938241 52.289225),,44.3,,235.66,8.76,15.0,998.25,55.03,,,,true
12798,16.2,24.7,8.62,2025-10-28 06:37:15.021,b827eb0fae5c_20251028_01,POINT (8.937121 52.289061),,49.3,,269.97,16.97,14.9,998.33,55.64,,,,true
12799,16.4,25.4,8.62,2025-10-28 06:37:39.983,b827eb0fae5c_20251028_01,POINT (8.935453 52.28891),,49.0,,239.27,20.38,14.78,998.47,55.94,,,,true
12800,18.75,28.799999999999997,8.62,2025-10-28 06:38:13.280,b827eb0fae5c_20251028_01,POINT (8.933396 52.288805),,46.1,,272.81,20.69,14.71,998.5899999999999,56.19,,,,true
12801,17.2,26.2,8.56,2025-10-28 06:38:46.739,b827eb0fae5c_20251028_01,POINT (8.9307 52.289254),,48.9,,283.43,6.78,14.9,998.2,55.79,,,,true
12802,15.5,26.1,8.62,2025-10-28 06:39:20.034,b827eb0fae5c_20251028_01,POINT (8.930676 52.289259),,48.2,,,0.4,15.47,998.18,54.64,,,,true
12803,15.2,27.3,8.69,2025-10-28 06:39:45.002,b827eb0fae5c_20251028_01,POINT (8.93004 52.289343),,48.8,,283.55,13.93,15.66,998.07,53.52,,,,true
12804,14.4,22.5,8.69,2025-10-28 06:40:10.755,b827eb0fae5c_20251028_01,POINT (8.928426 52.289387),,39.2,,275.91,17.4,15.4,998.03,53.68,,,,true
12805,16.5,26.200000000000003,8.75,2025-10-28 06:40:43.274,b827eb0fae5c_20251028_01,POINT (8.926719 52.28945),,47.7,,275.63,16.85,15.11,998.105,54.695,,,,true
12806,14.6,21.7,8.719999999999999,2025-10-28 06:41:16.747,b827eb0fae5c_20251028_01,POINT (8.923246 52.289857),,53.05,,279.41999999999996,18.049999999999997,14.91,997.92,55.0,,,,true
12807,15.1,21.9,8.69,2025-10-28 06:41:49.989,b827eb0fae5c_20251028_01,POINT (8.922671 52.290853),,51.3,,359.23,20.67,14.9,998.18,55.19,,,,true
12808,15.7,23.4,8.81,2025-10-28 06:42:15.008,b827eb0fae5c_20251028_01,POINT (8.922478 52.291295),,51.6,,,1.04,15.18,998.19,54.9,,,,true
12809,14.9,25.1,8.94,2025-10-28 06:42:39.988,b827eb0fae5c_20251028_01,POINT (8.922463 52.291295),,53.3,,,0.2,15.61,998.24,53.94,,,,true
12810,14.600000000000001,23.3,9.0,2025-10-28 06:43:13.271,b827eb0fae5c_20251028_01,POINT (8.922236 52.291476),,50.3,,320.23,11.34,15.82,998.2049999999999,53.28,,,,true
12811,14.9,22.8,8.969999999999999,2025-10-28 06:43:46.741,b827eb0fae5c_20251028_01,POINT (8.920062 52.292049),,49.2,,290.88,8.08,15.55,998.28,53.43,,,,true
12812,14.6,24.0,9.0,2025-10-28 06:44:20.003,b827eb0fae5c_20251028_01,POINT (8.919262 52.292265),,47.8,,281.98,7.63,15.65,998.14,53.32,,,,true
12813,14.3,22.0,8.94,2025-10-28 06:44:45.008,b827eb0fae5c_20251028_01,POINT (8.91848 52.292384),,48.5,,,4.98,15.79,997.97,52.99,,,,true
12814,15.5,22.7,8.88,2025-10-28 06:45:09.989,b827eb0fae5c_20251028_01,POINT (8.917352 52.29266),,46.1,,,2.43,15.79,998.01,53.13,,,,true
12815,13.5,23.1,9.0,2025-10-28 06:45:43.275,b827eb0fae5c_20251028_01,POINT (8.91713 52.292774),,43.8,,,0.57,15.73,998.01,53.599999999999994,,,,true
12816,12.7,22.8,9.19,2025-10-28 06:46:15.084,b827eb0fae5c_20251028_01,POINT (8.917099 52.292786),,43.3,,,1.33,15.8,997.95,53.65,,,,true
12817,14.0,20.7,9.19,2025-10-28 06:46:48.817,b827eb0fae5c_20251028_01,,,,,,,16.13,997.59,53.02,,,,true
12818,14.7,23.9,9.19,2025-10-28 06:47:17.437,b827eb0fae5c_20251028_01,,,,,,,16.41,997.12,52.26,,,,true
12819,13.9,21.9,9.19,2025-10-28 06:47:39.991,b827eb0fae5c_20251028_01,POINT (8.915695 52.2937),,54.5,,351.08,13.26,16.68,996.92,51.63,,,,true
12820,14.25,22.0,9.06,2025-10-28 06:48:14.329,b827eb0fae5c_20251028_01,POINT (8.909006 52.292698),,408.6,,223.59,25.75,16.340000000000003,996.715,51.425,,,,true
12821,14.5,22.8,9.0,2025-10-28 06:48:47.114,b827eb0fae5c_20251028_01,POINT (8.908483 52.292678),,331.5,,250.18,12.88,16.06,996.73,52.02,,,,true
12822,12.4,20.1,9.0,2025-10-28 06:49:20.941,b827eb0fae5c_20251028_01,,,,,,,16.13,996.71,52.12,,,,true
12823,12.1,20.4,9.0,2025-10-28 06:49:47.449,b827eb0fae5c_20251028_01,,,,,,,16.09,996.74,52.24,,,,true
12824,13.0,22.2,8.94,2025-10-28 06:50:12.386,b827eb0fae5c_20251028_01,,,,,,,16.15,996.69,51.92,,,,true
12825,14.35,21.049999999999997,8.94,2025-10-28 06:50:44.893,b827eb0fae5c_20251028_01,,,,,,,15.9,996.77,52.275,,,,true
12826,13.7,19.8,8.88,2025-10-28 06:51:17.040,b827eb0fae5c_20251028_01,,,,,,,15.77,996.74,52.57,,,,true
12827,14.6,22.7,8.88,2025-10-28 06:51:47.006,b827eb0fae5c_20251028_01,POINT (8.903899 52.296977),,161.9,,359.39,7.37,15.66,996.82,52.65,,,,true
12828,12.9,23.2,8.94,2025-10-28 06:52:17.528,b827eb0fae5c_20251028_01,,,,,,,15.82,996.81,52.54,,,,true
12829,13.8,23.3,8.94,2025-10-28 06:52:40.005,b827eb0fae5c_20251028_01,POINT (8.904937 52.296817),,87.9,,,11.24,15.91,996.72,52.65,,,,true
12830,12.75,21.299999999999997,9.0,2025-10-28 06:53:13.267,b827eb0fae5c_20251028_01,POINT (8.904655 52.296813),,83.8,,,1.41,16.1,996.73,52.239999999999995,,,,true
12831,12.1,21.4,9.155,2025-10-28 06:53:46.741,b827eb0fae5c_20251028_01,POINT (8.904139 52.296979),,47.95,,,1.385,16.21,996.73,52.39,,,,true
12832,12.8,25.4,9.5,2025-10-28 06:54:20.270,b827eb0fae5c_20251028_01,POINT (8.904834 52.296882),,52.2,,,3.53,16.53,996.68,52.2,,,,true
12833,5.2,9.3,11.38,2025-10-28 06:54:47.510,b827eb0fae5c_20251028_01,,,,,,,16.77,996.2,52.26,,,,true
12834,1.2,3.1,13.06,2025-10-28 06:55:12.514,b827eb0fae5c_20251028_01,,,,,,,17.02,995.62,53.68,,,,true
12835,0.7,2.5,14.25,2025-10-28 06:55:38.598,b827eb0fae5c_20251028_01,,,,,,,17.31,995.19,55.29,,,,true
12861,1.05,2.55,15.344999999999999,2025-10-28 06:56:13.216,b827eb0fae5c_20251028_01,,,,,,,17.91,995.185,55.915,,,,true
12862,3.1,6.4,15.25,2025-10-28 06:56:47.317,b827eb0fae5c_20251028_01,,,,,,,18.29,995.19,56.09,,,,true
